site,date,depth,temp
LTM,5/30/2015,1,13.50483333
LTM,5/30/2015,2,27.00558333
LTM,5/30/2015,4,26.9995
LTM,5/30/2015,5,26.99675
LTM,5/30/2015,6,26.99525
LTM,5/30/2015,7,26.994
LTM,5/30/2015,8,26.99275
LTM,5/30/2015,9,26.9905
LTM,5/30/2015,10,26.988
LTM,5/30/2015,11,26.9865
LTM,5/30/2015,12,26.9845
LTM,5/30/2015,13,26.982
LTM,5/30/2015,15,26.98075
LTM,5/30/2015,17,26.97925
LTM,5/30/2015,18,26.97625
LTM,5/30/2015,20,26.97225
LTM,5/30/2015,22,26.969
LTM,5/30/2015,23,26.96725
LTM,5/30/2015,24,26.96475
LTM,5/30/2015,25,26.9615
LTM,5/30/2015,27,26.9575
LTM,5/30/2015,29,26.95075
LTM,5/30/2015,30,26.94425
LTM,5/30/2015,32,26.9405
LTM,5/30/2015,33,26.9385
LTM,5/30/2015,34,26.937
LTM,5/30/2015,35,26.9355
LTM,5/30/2015,37,26.934
LTM,5/30/2015,38,26.932
LTM,5/30/2015,39,26.9295
LTM,5/30/2015,40,26.926
LTM,5/30/2015,41,26.9205
LTM,5/30/2015,43,26.91
LTM,5/30/2015,44,26.8875
LTM,5/30/2015,45,26.8455
LTM,5/30/2015,46,26.7755
LTM,5/30/2015,47,26.686
LTM,5/30/2015,48,26.5915
LTM,5/30/2015,50,26.46675
LTM,5/30/2015,53,26.29025
LTM,5/30/2015,55,26.13
LTM,5/30/2015,56,26.034
LTM,5/30/2015,57,25.954
LTM,5/30/2015,58,25.8585
LTM,5/30/2015,60,25.7585
LTM,5/30/2015,61,25.6685
LTM,5/30/2015,63,25.585
LTM,5/30/2015,64,25.5035
LTM,5/30/2015,66,25.41125
LTM,5/30/2015,68,25.32675
LTM,5/30/2015,70,25.277
LTM,5/30/2015,71,25.2405
LTM,5/30/2015,73,25.18875
LTM,5/30/2015,74,25.12225
LTM,5/30/2015,76,25.0695
LTM,5/30/2015,77,25.0295
LTM,5/30/2015,78,24.9875
LTM,5/30/2015,81,24.942
LTM,5/30/2015,82,24.8935
LTM,5/30/2015,84,24.853
LTM,5/30/2015,85,24.8235
LTM,5/30/2015,86,24.7995
LTM,5/30/2015,88,24.78
LTM,5/30/2015,89,24.7635
LTM,5/30/2015,90,24.752
LTM,5/30/2015,92,24.745
LTM,5/30/2015,93,24.74
LTM,5/30/2015,94,24.733
LTM,5/30/2015,96,24.7215
LTM,5/30/2015,97,24.70325
LTM,5/30/2015,98,24.67775
LTM,5/30/2015,99,24.655
LTM,5/30/2015,100,24.6375
LTM,5/30/2015,101,24.6235
LTM,5/30/2015,103,24.615
LTM,7/3/2015,1,25.46416667
LTM,7/3/2015,2,26.31766667
LTM,7/3/2015,3,26.319
LTM,7/3/2015,4,26.319
LTM,7/3/2015,5,26.3195
LTM,7/3/2015,6,26.32
LTM,7/3/2015,8,26.3205
LTM,7/3/2015,9,26.321
LTM,7/3/2015,10,26.321
LTM,7/3/2015,11,26.321
LTM,7/3/2015,12,26.321
LTM,7/3/2015,14,26.321
LTM,7/3/2015,15,26.321
LTM,7/3/2015,17,26.32125
LTM,7/3/2015,19,26.32175
LTM,7/3/2015,20,26.322
LTM,7/3/2015,21,26.3215
LTM,7/3/2015,23,26.32125
LTM,7/3/2015,24,26.32125
LTM,7/3/2015,25,26.321
LTM,7/3/2015,26,26.321
LTM,7/3/2015,27,26.321
LTM,7/3/2015,28,26.3215
LTM,7/3/2015,29,26.322
LTM,7/3/2015,32,26.322
LTM,7/3/2015,33,26.322
LTM,7/3/2015,35,26.322
LTM,7/3/2015,37,26.322
LTM,7/3/2015,38,26.3215
LTM,7/3/2015,39,26.3205
LTM,7/3/2015,41,26.3195
LTM,7/3/2015,42,26.319
LTM,7/3/2015,43,26.319
LTM,7/3/2015,45,26.3185
LTM,7/3/2015,47,26.3175
LTM,7/3/2015,49,26.317
LTM,7/3/2015,50,26.317
LTM,7/3/2015,53,26.316
LTM,7/3/2015,54,26.3135
LTM,7/3/2015,56,26.3115
LTM,7/3/2015,57,26.31
LTM,7/3/2015,59,26.3075
LTM,7/3/2015,61,26.3045
LTM,7/3/2015,63,26.30175
LTM,7/3/2015,64,26.29925
LTM,7/3/2015,66,26.296
LTM,7/3/2015,67,26.28735714
LTM,7/3/2015,68,26.27010714
LTM,7/3/2015,69,26.25225
LTM,7/3/2015,70,26.23075
LTM,7/3/2015,72,26.19475
LTM,7/3/2015,73,26.144
LTM,7/3/2015,75,26.0675
LTM,7/3/2015,76,25.9705
LTM,7/3/2015,78,25.843
LTM,7/3/2015,79,25.64375
LTM,7/3/2015,81,25.42675
LTM,7/3/2015,82,25.2365
LTM,7/3/2015,84,25.0685
LTM,7/3/2015,85,24.9415
LTM,7/3/2015,87,24.83483333
LTM,7/3/2015,88,24.74633333
LTM,7/3/2015,90,24.68
LTM,7/3/2015,91,24.622
LTM,7/3/2015,92,24.5765
LTM,7/3/2015,93,24.544
LTM,7/3/2015,94,24.50975
LTM,7/3/2015,95,24.46975
LTM,7/3/2015,97,24.43425
LTM,7/3/2015,98,24.4
LTM,7/3/2015,100,24.36825
LTM,7/3/2015,102,24.347
LTM,7/3/2015,103,24.32475
LTM,7/3/2015,106,24.29875
LTM,7/3/2015,107,24.28
LTM,7/3/2015,110,24.2705
LTM,7/3/2015,120,24.2525
LTM,7/3/2015,130,24.2102
LTM,7/3/2015,140,24.1533875
LTM,7/3/2015,150,24.09190972
LTM,7/3/2015,160,24.04450483
LTM,9/5/2015,1,25.11911594
LTM,9/5/2015,2,26.2095
LTM,9/5/2015,3,26.20916667
LTM,9/5/2015,4,26.209
LTM,9/5/2015,5,26.209
LTM,9/5/2015,6,26.2085
LTM,9/5/2015,7,26.2079375
LTM,9/5/2015,8,26.2081875
LTM,9/5/2015,9,26.20825
LTM,9/5/2015,10,26.207875
LTM,9/5/2015,11,26.208375
LTM,9/5/2015,12,26.2087
LTM,9/5/2015,13,26.20795
LTM,9/5/2015,14,26.20825
LTM,9/5/2015,15,26.20916667
LTM,9/5/2015,16,26.20883333
LTM,9/5/2015,17,26.2057381
LTM,9/5/2015,18,26.20132143
LTM,9/5/2015,19,26.19925
LTM,9/5/2015,20,26.1985625
LTM,9/5/2015,21,26.1955625
LTM,9/5/2015,22,26.1912
LTM,9/5/2015,23,26.18636667
LTM,9/5/2015,24,26.18216667
LTM,9/5/2015,25,26.18
LTM,9/5/2015,26,26.17827778
LTM,9/5/2015,27,26.17377778
LTM,9/5/2015,28,26.16864286
LTM,9/5/2015,29,26.16614286
LTM,9/5/2015,30,26.165125
LTM,9/5/2015,31,26.163625
LTM,9/5/2015,32,26.158
LTM,9/5/2015,33,26.1495
LTM,9/5/2015,34,26.14266667
LTM,9/5/2015,35,26.13804167
LTM,9/5/2015,36,26.132875
LTM,9/5/2015,37,26.128
LTM,9/5/2015,38,26.12383333
LTM,9/5/2015,39,26.11933333
LTM,9/5/2015,40,26.1125
LTM,9/5/2015,41,26.1025
LTM,9/5/2015,42,26.094
LTM,9/5/2015,43,26.0875
LTM,9/5/2015,44,26.08075
LTM,9/5/2015,45,26.06875
LTM,9/5/2015,46,26.0485
LTM,9/5/2015,47,26.0229
LTM,9/5/2015,48,25.9954
LTM,9/5/2015,49,25.9714
LTM,9/5/2015,50,25.9539
LTM,9/5/2015,51,25.94416667
LTM,9/5/2015,52,25.93595238
LTM,9/5/2015,53,25.92453571
LTM,9/5/2015,54,25.91475
LTM,9/5/2015,55,25.90816667
LTM,9/5/2015,56,25.903
LTM,9/5/2015,57,25.89766667
LTM,9/5/2015,58,25.89283333
LTM,9/5/2015,59,25.889
LTM,9/5/2015,60,25.885
LTM,9/5/2015,61,25.8805
LTM,9/5/2015,62,25.87516667
LTM,9/5/2015,63,25.87091667
LTM,9/5/2015,64,25.86858333
LTM,9/5/2015,65,25.86503333
LTM,9/5/2015,66,25.86053333
LTM,9/5/2015,67,25.85758333
LTM,9/5/2015,68,25.85475
LTM,9/5/2015,69,25.8515
LTM,9/5/2015,70,25.84375
LTM,9/5/2015,71,25.81775
LTM,9/5/2015,72,25.7539
LTM,9/5/2015,74,25.6759
LTM,9/5/2015,75,25.6255
LTM,9/5/2015,76,25.6025
LTM,9/5/2015,77,25.58675
LTM,9/5/2015,79,25.55858333
LTM,9/5/2015,80,25.52133333
LTM,9/5/2015,81,25.4875
LTM,9/5/2015,82,25.45266667
LTM,9/5/2015,83,25.42366667
LTM,9/5/2015,84,25.408
LTM,9/5/2015,85,25.38833333
LTM,9/5/2015,86,25.36333333
LTM,9/5/2015,87,25.34483333
LTM,9/5/2015,88,25.33233333
LTM,9/5/2015,89,25.3225
LTM,9/5/2015,90,25.30433333
LTM,9/5/2015,92,25.26966667
LTM,9/5/2015,93,25.23258333
LTM,9/5/2015,94,25.20575
LTM,9/5/2015,95,25.18
LTM,9/5/2015,96,25.13466667
LTM,9/5/2015,98,25.06904167
LTM,9/5/2015,99,25.006875
LTM,9/5/2015,101,24.93316667
LTM,9/5/2015,103,24.84191667
LTM,9/5/2015,104,24.776625
LTM,9/5/2015,106,24.726625
LTM,9/5/2015,107,24.67325
LTM,9/5/2015,108,24.6365
LTM,9/5/2015,110,24.619
LTM,9/5/2015,120,24.5781
LTM,9/5/2015,130,24.51801667
LTM,10/3/2015,1,25.36941667
LTM,10/3/2015,3,26.2445
LTM,10/3/2015,4,26.244
LTM,10/3/2015,6,26.2435
LTM,10/3/2015,7,26.243
LTM,10/3/2015,9,26.243
LTM,10/3/2015,10,26.2425
LTM,10/3/2015,11,26.24175
LTM,10/3/2015,12,26.2415
LTM,10/3/2015,13,26.24075
LTM,10/3/2015,14,26.2395
LTM,10/3/2015,16,26.23875
LTM,10/3/2015,17,26.23825
LTM,10/3/2015,19,26.2356
LTM,10/3/2015,21,26.2061
LTM,10/3/2015,22,26.1495
LTM,10/3/2015,24,26.11
LTM,10/3/2015,25,26.0915
LTM,10/3/2015,27,26.07225
LTM,10/3/2015,28,26.05275
LTM,10/3/2015,29,26.0385
LTM,10/3/2015,30,26.027
LTM,10/3/2015,31,26.016
LTM,10/3/2015,32,26.0035
LTM,10/3/2015,33,25.97575
LTM,10/3/2015,34,25.91975
LTM,10/3/2015,35,25.8405
LTM,10/3/2015,36,25.76375
LTM,10/3/2015,37,25.67555
LTM,10/3/2015,38,25.5823
LTM,10/3/2015,40,25.541
LTM,10/3/2015,41,25.537
LTM,10/3/2015,42,25.53425
LTM,10/3/2015,43,25.53091667
LTM,10/3/2015,45,25.5275
LTM,10/3/2015,46,25.52183333
LTM,10/3/2015,47,25.514
LTM,10/3/2015,48,25.50125
LTM,10/3/2015,50,25.47591667
LTM,10/3/2015,51,25.44116667
LTM,10/3/2015,52,25.4
LTM,10/3/2015,53,25.352
LTM,10/3/2015,54,25.32
LTM,10/3/2015,55,25.3075
LTM,10/3/2015,56,25.298
LTM,10/3/2015,57,25.2905
LTM,10/3/2015,58,25.284
LTM,10/3/2015,59,25.278
LTM,10/3/2015,60,25.2718125
LTM,10/3/2015,61,25.2668125
LTM,10/3/2015,62,25.263
LTM,10/3/2015,63,25.25775
LTM,10/3/2015,64,25.25225
LTM,10/3/2015,65,25.2485
LTM,10/3/2015,66,25.2445
LTM,10/3/2015,67,25.2335
LTM,10/3/2015,68,25.19575
LTM,10/3/2015,69,25.13725
LTM,10/3/2015,70,25.06725
LTM,10/3/2015,71,24.98425
LTM,10/3/2015,72,24.887
LTM,10/3/2015,73,24.7945
LTM,10/3/2015,74,24.7425
LTM,10/3/2015,75,24.71325
LTM,10/3/2015,76,24.69025
LTM,10/3/2015,77,24.67175
LTM,10/3/2015,78,24.65425
LTM,10/3/2015,79,24.64325
LTM,10/3/2015,80,24.63675
LTM,10/3/2015,82,24.62585
LTM,10/3/2015,83,24.60235
LTM,10/3/2015,84,24.5799
LTM,10/3/2015,85,24.56856667
LTM,10/3/2015,87,24.56110417
LTM,10/3/2015,88,24.5514375
LTM,10/3/2015,89,24.5425
LTM,10/3/2015,90,24.5385
LTM,10/3/2015,91,24.53266667
LTM,10/3/2015,92,24.52116667
LTM,10/3/2015,93,24.508
LTM,10/3/2015,94,24.49125
LTM,10/3/2015,95,24.46875
LTM,10/3/2015,97,24.442
LTM,10/3/2015,98,24.415
LTM,10/3/2015,99,24.3975
LTM,10/3/2015,100,24.388
LTM,10/3/2015,101,24.38
LTM,10/3/2015,102,24.374
LTM,10/3/2015,103,24.373
LTM,10/29/2015,1,25.56725
LTM,10/29/2015,3,26.76175
LTM,10/29/2015,5,26.763
LTM,10/29/2015,6,26.7635
LTM,10/29/2015,8,26.7635
LTM,10/29/2015,9,26.763
LTM,10/29/2015,10,26.763
LTM,10/29/2015,12,26.7625
LTM,10/29/2015,13,26.7615
LTM,10/29/2015,15,26.76
LTM,10/29/2015,17,26.7565
LTM,10/29/2015,18,26.7495
LTM,10/29/2015,19,26.741
LTM,10/29/2015,21,26.7315
LTM,10/29/2015,22,26.72
LTM,10/29/2015,24,26.699
LTM,10/29/2015,26,26.668
LTM,10/29/2015,28,26.62675
LTM,10/29/2015,29,26.57575
LTM,10/29/2015,30,26.5355
LTM,10/29/2015,31,26.50475
LTM,10/29/2015,32,26.47775
LTM,10/29/2015,33,26.4605
LTM,10/29/2015,34,26.44
LTM,10/29/2015,35,26.35825
LTM,10/29/2015,37,26.1955
LTM,10/29/2015,39,26.06525
LTM,10/29/2015,41,26.0185
LTM,10/29/2015,43,26
LTM,10/29/2015,44,25.8822
LTM,10/29/2015,45,25.5802
LTM,10/29/2015,46,25.32
LTM,10/29/2015,48,25.1985
LTM,10/29/2015,50,25.1095
LTM,10/29/2015,51,25.044
LTM,10/29/2015,53,24.98466667
LTM,10/29/2015,55,24.92241667
LTM,10/29/2015,56,24.87475
LTM,10/29/2015,58,24.8475
LTM,10/29/2015,59,24.823375
LTM,10/29/2015,60,24.80525
LTM,10/29/2015,61,24.778375
LTM,10/29/2015,63,24.74375
LTM,10/29/2015,64,24.71725
LTM,10/29/2015,66,24.6925
LTM,10/29/2015,67,24.67
LTM,10/29/2015,69,24.653
LTM,10/29/2015,70,24.6405
LTM,10/29/2015,72,24.627
LTM,10/29/2015,73,24.6135
LTM,10/29/2015,74,24.6005
LTM,10/29/2015,75,24.588
LTM,10/29/2015,76,24.577
LTM,10/29/2015,77,24.567
LTM,10/29/2015,79,24.5565
LTM,10/29/2015,80,24.545
LTM,10/29/2015,81,24.534
LTM,10/29/2015,83,24.5205
LTM,10/29/2015,84,24.5035
LTM,10/29/2015,86,24.4905
LTM,10/29/2015,87,24.4795
LTM,10/29/2015,88,24.4685
LTM,10/29/2015,90,24.46125
LTM,10/29/2015,92,24.45625
LTM,10/29/2015,93,24.4535
LTM,10/29/2015,94,24.452
LTM,10/29/2015,95,24.45
LTM,10/29/2015,97,24.448
LTM,10/29/2015,98,24.4455
LTM,10/29/2015,99,24.4425
LTM,10/29/2015,101,24.4395
LTM,10/29/2015,102,24.4365
LTM,10/29/2015,105,24.432
LTM,10/29/2015,106,24.425
LTM,10/29/2015,108,24.4175
LTM,10/29/2015,110,24.412
LTM,10/29/2015,120,24.40545
LTM,12/11/2015,2,25.51895
LTM,12/11/2015,4,26.6345
LTM,12/11/2015,8,26.6305
LTM,12/11/2015,11,26.6265
LTM,12/11/2015,14,26.6165
LTM,12/11/2015,16,26.596
LTM,12/11/2015,18,26.5685
LTM,12/11/2015,20,26.5365
LTM,12/11/2015,22,26.501
LTM,12/11/2015,23,26.465
LTM,12/11/2015,26,26.42475
LTM,12/11/2015,28,26.38141667
LTM,12/11/2015,29,26.34866667
LTM,12/11/2015,31,26.332
LTM,12/11/2015,32,26.3215
LTM,12/11/2015,34,26.31
LTM,12/11/2015,35,26.2975
LTM,12/11/2015,36,26.283
LTM,12/11/2015,38,26.264
LTM,12/11/2015,39,26.2425
LTM,12/11/2015,40,26.227
LTM,12/11/2015,41,26.2175
LTM,12/11/2015,42,26.208
LTM,12/11/2015,43,26.197
LTM,12/11/2015,44,26.1815
LTM,12/11/2015,45,26.1545
LTM,12/11/2015,47,26.09925
LTM,12/11/2015,48,26.00825
LTM,12/11/2015,50,25.918
LTM,12/11/2015,51,25.845
LTM,12/11/2015,52,25.7795
LTM,12/11/2015,54,25.71475
LTM,12/11/2015,56,25.65525
LTM,12/11/2015,57,25.622
LTM,12/11/2015,58,25.606
LTM,12/11/2015,60,25.5925
LTM,12/11/2015,61,25.579
LTM,12/11/2015,63,25.566
LTM,12/11/2015,64,25.5415
LTM,12/11/2015,65,25.499
LTM,12/11/2015,67,25.4425
LTM,12/11/2015,68,25.3715
LTM,12/11/2015,69,25.308
LTM,12/11/2015,71,25.25
LTM,12/11/2015,73,25.186
LTM,12/11/2015,74,25.136
LTM,12/11/2015,76,25.1005
LTM,12/11/2015,78,25.0615
LTM,12/11/2015,79,25.0195
LTM,12/11/2015,80,24.9875
LTM,12/11/2015,81,24.965
LTM,12/11/2015,82,24.946
LTM,12/11/2015,83,24.9265
LTM,12/11/2015,84,24.9035
LTM,12/11/2015,85,24.8775
LTM,12/11/2015,86,24.84275
LTM,12/11/2015,88,24.80275
LTM,12/11/2015,89,24.775
LTM,12/11/2015,90,24.761
LTM,12/11/2015,92,24.75225
LTM,12/11/2015,93,24.74625
LTM,12/11/2015,94,24.7425
LTM,12/11/2015,95,24.73633333
LTM,12/11/2015,97,24.72233333
LTM,12/11/2015,98,24.70425
LTM,12/11/2015,99,24.68475
LTM,12/11/2015,101,24.667
LTM,12/11/2015,102,24.65175
LTM,12/11/2015,103,24.63375
LTM,12/11/2015,105,24.6115
LTM,12/11/2015,106,24.586
LTM,12/11/2015,107,24.5655
LTM,12/11/2015,109,24.5438
LTM,12/11/2015,110,24.5223
LTM,1/7/2016,2,25.789
LTM,1/7/2016,3,27.061
LTM,1/7/2016,4,27.0575
LTM,1/7/2016,5,27.055
LTM,1/7/2016,6,27.0525
LTM,1/7/2016,7,27.049
LTM,1/7/2016,8,27.044
LTM,1/7/2016,9,27.036
LTM,1/7/2016,10,27.0205
LTM,1/7/2016,12,26.999
LTM,1/7/2016,13,26.9765
LTM,1/7/2016,15,26.9535
LTM,1/7/2016,18,26.93
LTM,1/7/2016,19,26.908
LTM,1/7/2016,21,26.894
LTM,1/7/2016,23,26.887
LTM,1/7/2016,24,26.8805
LTM,1/7/2016,26,26.867
LTM,1/7/2016,27,26.8435
LTM,1/7/2016,30,26.8125
LTM,1/7/2016,31,26.773
LTM,1/7/2016,33,26.718
LTM,1/7/2016,34,26.6465
LTM,1/7/2016,36,26.571
LTM,1/7/2016,38,26.48225
LTM,1/7/2016,40,26.38225
LTM,1/7/2016,41,26.3065
LTM,1/7/2016,43,26.2565
LTM,1/7/2016,44,26.1945
LTM,1/7/2016,46,26.1045
LTM,1/7/2016,47,26.0175
LTM,1/7/2016,48,25.955
LTM,1/7/2016,49,25.9005
LTM,1/7/2016,50,25.84925
LTM,1/7/2016,51,25.81675
LTM,1/7/2016,52,25.804
LTM,1/7/2016,53,25.79975
LTM,1/7/2016,54,25.788875
LTM,1/7/2016,55,25.745625
LTM,1/7/2016,56,25.6635
LTM,1/7/2016,57,25.554
LTM,1/7/2016,59,25.46016667
LTM,1/7/2016,60,25.41116667
LTM,1/7/2016,61,25.3895
LTM,1/7/2016,62,25.37466667
LTM,1/7/2016,63,25.35641667
LTM,1/7/2016,64,25.334375
LTM,1/7/2016,65,25.304625
LTM,1/7/2016,66,25.275
LTM,1/7/2016,67,25.24975
LTM,1/7/2016,68,25.2195
LTM,1/7/2016,69,25.17758333
LTM,1/7/2016,70,25.13383333
LTM,1/7/2016,71,25.1035
LTM,1/7/2016,72,25.079
LTM,1/7/2016,74,25.04716667
LTM,1/7/2016,75,25.00741667
LTM,1/7/2016,77,24.9665
LTM,1/7/2016,78,24.93475
LTM,1/7/2016,79,24.915
LTM,1/7/2016,80,24.90133333
LTM,1/7/2016,82,24.88054167
LTM,1/7/2016,84,24.82854167
LTM,1/7/2016,85,24.77508333
LTM,1/7/2016,86,24.75425
LTM,1/7/2016,87,24.74483333
LTM,1/7/2016,88,24.73633333
LTM,1/7/2016,90,24.72466667
LTM,1/7/2016,91,24.70616667
LTM,1/7/2016,93,24.6835
LTM,1/7/2016,94,24.662
LTM,1/7/2016,96,24.641
LTM,1/7/2016,97,24.62375
LTM,1/7/2016,99,24.6155
LTM,1/7/2016,100,24.61125
LTM,1/7/2016,101,24.606
LTM,1/7/2016,102,24.58775
LTM,1/7/2016,103,24.54925
LTM,1/7/2016,104,24.50616667
LTM,1/7/2016,105,24.46154167
LTM,1/7/2016,106,24.427875
LTM,1/7/2016,107,24.41575
LTM,1/7/2016,108,24.40475
LTM,1/7/2016,110,24.39
LTM,1/7/2016,120,24.36025
LTM,1/7/2016,130,24.2900625
LTM,1/7/2016,140,24.2257125
LTM,2/3/2016,1,25.44365
LTM,2/3/2016,2,26.67275
LTM,2/3/2016,3,26.66425
LTM,2/3/2016,4,26.65925
LTM,2/3/2016,6,26.6555
LTM,2/3/2016,7,26.6525
LTM,2/3/2016,8,26.6495
LTM,2/3/2016,9,26.6465
LTM,2/3/2016,10,26.644
LTM,2/3/2016,11,26.64225
LTM,2/3/2016,12,26.64075
LTM,2/3/2016,13,26.6395
LTM,2/3/2016,14,26.63875
LTM,2/3/2016,15,26.63775
LTM,2/3/2016,16,26.63625
LTM,2/3/2016,18,26.6345
LTM,2/3/2016,19,26.63275
LTM,2/3/2016,20,26.6315
LTM,2/3/2016,21,26.6305
LTM,2/3/2016,23,26.6287
LTM,2/3/2016,24,26.6247
LTM,2/3/2016,25,26.6195
LTM,2/3/2016,26,26.61
LTM,2/3/2016,27,26.5955
LTM,2/3/2016,28,26.583
LTM,2/3/2016,29,26.573
LTM,2/3/2016,30,26.5635
LTM,2/3/2016,31,26.5545
LTM,2/3/2016,32,26.538
LTM,2/3/2016,33,26.49925
LTM,2/3/2016,34,26.43075
LTM,2/3/2016,35,26.3565
LTM,2/3/2016,36,26.29975
LTM,2/3/2016,38,26.2275
LTM,2/3/2016,39,26.09475
LTM,2/3/2016,40,25.9715
LTM,2/3/2016,41,25.881
LTM,2/3/2016,42,25.7905
LTM,2/3/2016,43,25.7195
LTM,2/3/2016,44,25.66
LTM,2/3/2016,45,25.6145
LTM,2/3/2016,46,25.5835
LTM,2/3/2016,47,25.5655
LTM,2/3/2016,48,25.554
LTM,2/3/2016,49,25.544
LTM,2/3/2016,50,25.5161
LTM,2/3/2016,51,25.4246
LTM,2/3/2016,52,25.3285
LTM,2/3/2016,53,25.2795
LTM,2/3/2016,54,25.2525
LTM,2/3/2016,55,25.239
LTM,2/3/2016,56,25.2285
LTM,2/3/2016,57,25.223
LTM,2/3/2016,58,25.21825
LTM,2/3/2016,59,25.21175
LTM,2/3/2016,60,25.2045
LTM,2/3/2016,61,25.195
LTM,2/3/2016,62,25.18
LTM,2/3/2016,63,25.165
LTM,2/3/2016,64,25.14233333
LTM,2/3/2016,65,25.10308333
LTM,2/3/2016,67,25.06125
LTM,2/3/2016,68,25.0185
LTM,2/3/2016,70,24.96225
LTM,2/3/2016,71,24.90575
LTM,2/3/2016,72,24.867
LTM,2/3/2016,73,24.8395
LTM,2/3/2016,74,24.8185
LTM,2/3/2016,75,24.805
LTM,2/3/2016,76,24.79575
LTM,2/3/2016,77,24.78825
LTM,2/3/2016,78,24.782
LTM,2/3/2016,79,24.77375
LTM,2/3/2016,80,24.76225
LTM,2/3/2016,81,24.7505
LTM,2/3/2016,82,24.7355
LTM,2/3/2016,83,24.716
LTM,2/3/2016,85,24.696
LTM,2/3/2016,86,24.6755
LTM,2/3/2016,87,24.6595
LTM,2/3/2016,88,24.651
LTM,2/3/2016,89,24.64333333
LTM,2/3/2016,91,24.62670833
LTM,2/3/2016,92,24.602375
LTM,2/3/2016,94,24.5855
LTM,2/3/2016,95,24.576
LTM,2/3/2016,96,24.5655
LTM,2/3/2016,97,24.555
LTM,2/3/2016,98,24.547
LTM,2/3/2016,99,24.543
LTM,2/3/2016,100,24.5415
LTM,2/3/2016,101,24.541
LTM,3/2/2016,1,26.179
LTM,3/2/2016,2,27.80625
LTM,3/2/2016,3,27.77925
LTM,3/2/2016,4,27.748
LTM,3/2/2016,5,27.70875
LTM,3/2/2016,7,27.64875
LTM,3/2/2016,8,27.596
LTM,3/2/2016,9,27.5745
LTM,3/2/2016,10,27.56166667
LTM,3/2/2016,12,27.54341667
LTM,3/2/2016,13,27.5235
LTM,3/2/2016,14,27.50425
LTM,3/2/2016,15,27.47975
LTM,3/2/2016,17,27.4345
LTM,3/2/2016,18,27.3715
LTM,3/2/2016,20,27.30658333
LTM,3/2/2016,21,27.25283333
LTM,3/2/2016,22,27.213
LTM,3/2/2016,23,27.1795
LTM,3/2/2016,24,27.1525
LTM,3/2/2016,25,27.121
LTM,3/2/2016,27,27.066
LTM,3/2/2016,28,26.995
LTM,3/2/2016,29,26.93825
LTM,3/2/2016,30,26.8975
LTM,3/2/2016,32,26.86458333
LTM,3/2/2016,34,26.84516667
LTM,3/2/2016,35,26.83533333
LTM,3/2/2016,36,26.8295
LTM,3/2/2016,37,26.82283333
LTM,3/2/2016,38,26.81133333
LTM,3/2/2016,39,26.78566667
LTM,3/2/2016,41,26.74016667
LTM,3/2/2016,42,26.701
LTM,3/2/2016,43,26.67866667
LTM,3/2/2016,44,26.66066667
LTM,3/2/2016,45,26.64675
LTM,3/2/2016,46,26.63291667
LTM,3/2/2016,47,26.62216667
LTM,3/2/2016,48,26.617
LTM,3/2/2016,49,26.613
LTM,3/2/2016,50,26.6065
LTM,3/2/2016,51,26.5955
LTM,3/2/2016,52,26.57733333
LTM,3/2/2016,53,26.54933333
LTM,3/2/2016,54,26.5195
LTM,3/2/2016,55,26.49025
LTM,3/2/2016,56,26.4615
LTM,3/2/2016,57,26.43875
LTM,3/2/2016,58,26.418
LTM,3/2/2016,59,26.365
LTM,3/2/2016,60,26.2525
LTM,3/2/2016,61,26.08933333
LTM,3/2/2016,62,25.91083333
LTM,3/2/2016,63,25.78
LTM,3/2/2016,64,25.69375
LTM,3/2/2016,66,25.62175
LTM,3/2/2016,67,25.575
LTM,3/2/2016,68,25.55325
LTM,3/2/2016,69,25.537
LTM,3/2/2016,70,25.5045
LTM,3/2/2016,71,25.45208333
LTM,3/2/2016,72,25.40083333
LTM,3/2/2016,73,25.369
LTM,3/2/2016,74,25.3415
LTM,3/2/2016,75,25.307
LTM,3/2/2016,76,25.25466667
LTM,3/2/2016,78,25.18616667
LTM,3/2/2016,79,25.139
LTM,3/2/2016,80,25.11816667
LTM,3/2/2016,81,25.10066667
LTM,3/2/2016,82,25.082
LTM,3/2/2016,83,25.05325
LTM,3/2/2016,84,25.01475
LTM,3/2/2016,85,24.98625
LTM,3/2/2016,86,24.96508333
LTM,3/2/2016,87,24.94533333
LTM,3/2/2016,88,24.931
LTM,3/2/2016,89,24.9165
LTM,3/2/2016,90,24.9025
LTM,3/2/2016,91,24.889
LTM,3/2/2016,92,24.8735
LTM,3/2/2016,93,24.862
LTM,3/2/2016,94,24.847875
LTM,3/2/2016,95,24.826875
LTM,3/2/2016,96,24.80983333
LTM,3/2/2016,97,24.79595833
LTM,3/2/2016,99,24.7815
LTM,3/2/2016,100,24.764125
LTM,3/2/2016,102,24.73341667
LTM,3/2/2016,103,24.69241667
LTM,3/2/2016,104,24.66375
LTM,3/2/2016,105,24.6481
LTM,3/2/2016,106,24.6356
LTM,3/2/2016,108,24.62975
LTM,3/2/2016,109,24.627
LTM,3/2/2016,110,24.62425
LTM,3/31/2016,1,26.5015
LTM,3/31/2016,2,28.3815
LTM,3/31/2016,3,28.3835
LTM,3/31/2016,4,28.3875
LTM,3/31/2016,5,28.3905
LTM,3/31/2016,6,28.3895
LTM,3/31/2016,7,28.387
LTM,3/31/2016,8,28.3855
LTM,3/31/2016,9,28.38575
LTM,3/31/2016,10,28.385
LTM,3/31/2016,11,28.38275
LTM,3/31/2016,12,28.38
LTM,3/31/2016,13,28.37825
LTM,3/31/2016,14,28.37625
LTM,3/31/2016,15,28.3745
LTM,3/31/2016,16,28.373
LTM,3/31/2016,17,28.371
LTM,3/31/2016,18,28.369
LTM,3/31/2016,19,28.364
LTM,3/31/2016,20,28.34675
LTM,3/31/2016,21,28.312
LTM,3/31/2016,22,28.285
LTM,3/31/2016,23,28.27125
LTM,3/31/2016,24,28.2435
LTM,3/31/2016,25,28.19225
LTM,3/31/2016,26,28.13525
LTM,3/31/2016,27,28.03875
LTM,3/31/2016,28,27.87575
LTM,3/31/2016,29,27.728
LTM,3/31/2016,30,27.6385
LTM,3/31/2016,31,27.59416667
LTM,3/31/2016,32,27.55841667
LTM,3/31/2016,33,27.518
LTM,3/31/2016,34,27.48125
LTM,3/31/2016,35,27.43116667
LTM,3/31/2016,36,27.37991667
LTM,3/31/2016,37,27.34725
LTM,3/31/2016,38,27.329
LTM,3/31/2016,39,27.298
LTM,3/31/2016,40,27.23475
LTM,3/31/2016,41,27.13458333
LTM,3/31/2016,42,27.00983333
LTM,3/31/2016,43,26.9215
LTM,3/31/2016,44,26.886
LTM,3/31/2016,45,26.8695
LTM,3/31/2016,46,26.8585
LTM,3/31/2016,47,26.82225
LTM,3/31/2016,48,26.76325
LTM,3/31/2016,49,26.69825
LTM,3/31/2016,50,26.6305
LTM,3/31/2016,51,26.57075
LTM,3/31/2016,52,26.4005
LTM,3/31/2016,53,26.162
LTM,3/31/2016,54,26.0255
LTM,3/31/2016,55,25.9795
LTM,3/31/2016,56,25.95633333
LTM,3/31/2016,57,25.91708333
LTM,3/31/2016,58,25.876
LTM,3/31/2016,59,25.846
LTM,3/31/2016,60,25.8165
LTM,3/31/2016,61,25.76925
LTM,3/31/2016,62,25.6995
LTM,3/31/2016,63,25.5955
LTM,3/31/2016,64,25.49825
LTM,3/31/2016,65,25.402
LTM,3/31/2016,66,25.29541667
LTM,3/31/2016,67,25.21616667
LTM,3/31/2016,68,25.169
LTM,3/31/2016,69,25.14025
LTM,3/31/2016,70,25.11675
LTM,3/31/2016,71,25.09375
LTM,3/31/2016,72,25.0705
LTM,3/31/2016,73,25.05775
LTM,3/31/2016,74,25.0395
LTM,3/31/2016,75,25.018
LTM,3/31/2016,76,24.99316667
LTM,3/31/2016,77,24.963
LTM,3/31/2016,78,24.94
LTM,3/31/2016,79,24.91191667
LTM,3/31/2016,80,24.88425
LTM,3/31/2016,81,24.871
LTM,3/31/2016,82,24.8575
LTM,3/31/2016,83,24.83925
LTM,3/31/2016,84,24.824
LTM,3/31/2016,85,24.8105
LTM,3/31/2016,86,24.80025
LTM,3/31/2016,87,24.79325
LTM,3/31/2016,88,24.78675
LTM,3/31/2016,89,24.7815
LTM,3/31/2016,90,24.77625
LTM,3/31/2016,91,24.77075
LTM,3/31/2016,92,24.76225
LTM,3/31/2016,93,24.75225
LTM,3/31/2016,94,24.73775
LTM,3/31/2016,95,24.71525
LTM,3/31/2016,96,24.69125
LTM,3/31/2016,97,24.67325
LTM,3/31/2016,98,24.6625
LTM,3/31/2016,99,24.65
LTM,3/31/2016,100,24.635
LTM,3/31/2016,101,24.6255
LTM,3/31/2016,102,24.62
LTM,3/31/2016,103,24.6165
LTM,3/31/2016,104,24.611
LTM,3/31/2016,105,24.5995
LTM,3/31/2016,106,24.58433333
LTM,3/31/2016,107,24.57208333
LTM,3/31/2016,108,24.56075
LTM,3/31/2016,109,24.54975
LTM,3/31/2016,110,24.54225
LTM,4/28/2016,1,26.218
LTM,4/28/2016,2,27.896
LTM,4/28/2016,3,27.89225
LTM,4/28/2016,4,27.88375
LTM,4/28/2016,5,27.871
LTM,4/28/2016,6,27.8595
LTM,4/28/2016,7,27.8515
LTM,4/28/2016,8,27.8475
LTM,4/28/2016,9,27.844
LTM,4/28/2016,10,27.8405
LTM,4/28/2016,11,27.8375
LTM,4/28/2016,12,27.8345
LTM,4/28/2016,13,27.833
LTM,4/28/2016,14,27.832
LTM,4/28/2016,15,27.8305
LTM,4/28/2016,16,27.83
LTM,4/28/2016,17,27.8295
LTM,4/28/2016,18,27.8295
LTM,4/28/2016,19,27.83
LTM,4/28/2016,20,27.8295
LTM,4/28/2016,21,27.829
LTM,4/28/2016,22,27.8295
LTM,4/28/2016,23,27.82925
LTM,4/28/2016,24,27.82775
LTM,4/28/2016,25,27.82725
LTM,4/28/2016,26,27.82775
LTM,4/28/2016,27,27.8275
LTM,4/28/2016,28,27.827
LTM,4/28/2016,29,27.8275
LTM,4/28/2016,31,27.8265
LTM,4/28/2016,32,27.825
LTM,4/28/2016,34,27.825
LTM,4/28/2016,35,27.825
LTM,4/28/2016,36,27.824
LTM,4/28/2016,37,27.822
LTM,4/28/2016,38,27.82
LTM,4/28/2016,39,27.8185
LTM,4/28/2016,40,27.8165
LTM,4/28/2016,41,27.812
LTM,4/28/2016,42,27.7945
LTM,4/28/2016,43,27.7155
LTM,4/28/2016,44,27.634
LTM,4/28/2016,45,27.6055
LTM,4/28/2016,47,27.5775
LTM,4/28/2016,48,27.5505
LTM,4/28/2016,49,27.5245
LTM,4/28/2016,50,27.493
LTM,4/28/2016,51,27.4265
LTM,4/28/2016,52,27.2775
LTM,4/28/2016,54,27.0235
LTM,4/28/2016,55,26.7215
LTM,4/28/2016,56,26.44
LTM,4/28/2016,57,26.18
LTM,4/28/2016,58,25.949
LTM,4/28/2016,59,25.7985
LTM,4/28/2016,60,25.7375
LTM,4/28/2016,61,25.7145
LTM,4/28/2016,62,25.6925
LTM,4/28/2016,63,25.6515
LTM,4/28/2016,64,25.604
LTM,4/28/2016,65,25.5535
LTM,4/28/2016,66,25.4465
LTM,4/28/2016,67,25.3525
LTM,4/28/2016,68,25.324
LTM,4/28/2016,69,25.25225
LTM,4/28/2016,70,25.15725
LTM,4/28/2016,71,25.10675
LTM,4/28/2016,72,25.08125
LTM,4/28/2016,73,25.0585
LTM,4/28/2016,74,25.0395
LTM,4/28/2016,75,25.029
LTM,4/28/2016,76,25.02
LTM,4/28/2016,77,24.99675
LTM,4/28/2016,78,24.9585
LTM,4/28/2016,79,24.91675
LTM,4/28/2016,80,24.87675
LTM,4/28/2016,81,24.852
LTM,4/28/2016,82,24.84425
LTM,4/28/2016,83,24.836
LTM,4/28/2016,84,24.81225
LTM,4/28/2016,85,24.76075
LTM,4/28/2016,86,24.704
LTM,4/28/2016,87,24.67125
LTM,4/28/2016,88,24.65625
LTM,4/28/2016,89,24.6445
LTM,4/28/2016,90,24.63
LTM,4/28/2016,91,24.618
LTM,4/28/2016,92,24.6125
LTM,4/28/2016,93,24.6095
LTM,4/28/2016,94,24.602
LTM,4/28/2016,95,24.58975
LTM,4/28/2016,96,24.58025
LTM,4/28/2016,97,24.573
LTM,4/28/2016,98,24.556
LTM,4/28/2016,99,24.536
LTM,4/28/2016,100,24.52525
LTM,4/28/2016,101,24.51625
LTM,4/28/2016,102,24.50625
LTM,4/28/2016,103,24.49675
LTM,4/28/2016,104,24.49
LTM,4/28/2016,105,24.4855
LTM,4/28/2016,106,24.4795
LTM,4/28/2016,107,24.4695
LTM,4/28/2016,108,24.44175
LTM,4/28/2016,109,24.39875
LTM,4/28/2016,110,24.371
LTM,4/28/2016,120,24.34671875
LTM,5/26/2016,1,25.70071875
LTM,5/26/2016,2,27.06
LTM,5/26/2016,3,27.0425
LTM,5/26/2016,4,27.0345
LTM,5/26/2016,5,27.029
LTM,5/26/2016,6,27.02475
LTM,5/26/2016,7,27.02125
LTM,5/26/2016,8,27.0185
LTM,5/26/2016,9,27.01633333
LTM,5/26/2016,10,27.01408333
LTM,5/26/2016,11,27.01225
LTM,5/26/2016,12,27.0125
LTM,5/26/2016,13,27.013
LTM,5/26/2016,14,27.0125
LTM,5/26/2016,15,27.01225
LTM,5/26/2016,16,27.01325
LTM,5/26/2016,17,27.01325
LTM,5/26/2016,18,27.01075
LTM,5/26/2016,19,27.00825
LTM,5/26/2016,20,27.00775
LTM,5/26/2016,21,27.008
LTM,5/26/2016,22,27.00775
LTM,5/26/2016,23,27.00735
LTM,5/26/2016,24,27.00685
LTM,5/26/2016,25,27.00625
LTM,5/26/2016,26,27.005
LTM,5/26/2016,27,27.003
LTM,5/26/2016,28,27.002
LTM,5/26/2016,29,27.002
LTM,5/26/2016,30,27.00225
LTM,5/26/2016,31,27.00375
LTM,5/26/2016,32,27.00525
LTM,5/26/2016,33,27.00525
LTM,5/26/2016,34,27.00475
LTM,5/26/2016,35,27.00475
LTM,5/26/2016,36,27.0035
LTM,5/26/2016,37,27
LTM,5/26/2016,38,26.998
LTM,5/26/2016,39,26.9975
LTM,5/26/2016,40,26.996
LTM,5/26/2016,41,26.99575
LTM,5/26/2016,42,26.99658333
LTM,5/26/2016,43,26.99633333
LTM,5/26/2016,44,26.996125
LTM,5/26/2016,45,26.996125
LTM,5/26/2016,46,26.99625
LTM,5/26/2016,47,26.995
LTM,5/26/2016,48,26.99375
LTM,5/26/2016,49,26.99383333
LTM,5/26/2016,50,26.99258333
LTM,5/26/2016,51,26.99125
LTM,5/26/2016,52,26.9905
LTM,5/26/2016,53,26.98825
LTM,5/26/2016,54,26.984
LTM,5/26/2016,55,26.977
LTM,5/26/2016,56,26.96875
LTM,5/26/2016,57,26.964
LTM,5/26/2016,58,26.9615
LTM,5/26/2016,59,26.95775
LTM,5/26/2016,60,26.95175
LTM,5/26/2016,61,26.94375
LTM,5/26/2016,62,26.93625
LTM,5/26/2016,63,26.92125
LTM,5/26/2016,64,26.829
LTM,5/26/2016,65,26.6725
LTM,5/26/2016,66,26.56258333
LTM,5/26/2016,67,26.51483333
LTM,5/26/2016,68,26.48033333
LTM,5/26/2016,69,26.38833333
LTM,5/26/2016,70,26.2155
LTM,5/26/2016,71,26.02225
LTM,5/26/2016,72,25.87275
LTM,5/26/2016,73,25.72725
LTM,5/26/2016,74,25.585
LTM,5/26/2016,75,25.4965
LTM,5/26/2016,76,25.42875
LTM,5/26/2016,77,25.375
LTM,5/26/2016,78,25.32975
LTM,5/26/2016,79,25.27258333
LTM,5/26/2016,80,25.23458333
LTM,5/26/2016,81,25.2235
LTM,5/26/2016,82,25.19341667
LTM,5/26/2016,83,25.13791667
LTM,5/26/2016,84,25.10275
LTM,5/26/2016,85,25.09725
LTM,5/26/2016,86,25.0935
LTM,5/26/2016,87,25.0855
LTM,5/26/2016,88,25.07425
LTM,5/26/2016,89,25.06391667
LTM,5/26/2016,90,25.05441667
LTM,5/26/2016,91,25.04366667
LTM,5/26/2016,92,25.03666667
LTM,5/26/2016,93,25.032
LTM,5/26/2016,94,25.02266667
LTM,5/26/2016,95,25.01241667
LTM,5/26/2016,96,25.00425
LTM,5/26/2016,97,24.99266667
LTM,5/26/2016,98,24.98283333
LTM,5/26/2016,99,24.9795
LTM,5/26/2016,100,24.978
LTM,5/26/2016,101,24.97154167
LTM,5/26/2016,102,24.953375
LTM,5/26/2016,103,24.93383333
LTM,5/26/2016,104,24.92108333
LTM,5/26/2016,105,24.906
LTM,5/26/2016,106,24.88291667
LTM,5/26/2016,107,24.85891667
LTM,5/26/2016,108,24.84232143
LTM,5/26/2016,109,24.82744643