date,depth,chl,pprod,zmix,zthermocline,zhypo,zone
5/30/2015,0,0.0290615,0.012545889,40.8,59.52786266,78.25572532,1
5/30/2015,1,0.0290615,0.012545889,40.8,59.52786266,78.25572532,1
5/30/2015,2,0.0613361,0.02544121,40.8,59.52786266,78.25572532,1
5/30/2015,3,0.0774734,0.030835871,40.8,59.52786266,78.25572532,1
5/30/2015,4,0.0936107,0.035706168,40.8,59.52786266,78.25572532,1
5/30/2015,5,0.1258853,0.045953708,40.8,59.52786266,78.25572532,1
5/30/2015,6,0.1581599,0.055176833,40.8,59.52786266,78.25572532,1
5/30/2015,7,0.1904345,0.063397495,40.8,59.52786266,78.25572532,1
5/30/2015,8,0.224851167,0.071316937,40.8,59.52786266,78.25572532,1
5/30/2015,9,0.260338867,0.078533442,40.8,59.52786266,78.25572532,1
5/30/2015,10,0.292613467,0.08379224,40.8,59.52786266,78.25572532,1
5/30/2015,11,0.331314267,0.089873772,40.8,59.52786266,78.25572532,1
5/30/2015,12,0.345773217,0.08864481,40.8,59.52786266,78.25572532,1
5/30/2015,13,0.361838717,0.087439578,40.8,59.52786266,78.25572532,1
5/30/2015,14,0.368264917,0.083637048,40.8,59.52786266,78.25572532,1
5/30/2015,15,0.374691117,0.079706792,40.8,59.52786266,78.25572532,1
5/30/2015,16,0.381117317,0.075647026,40.8,59.52786266,78.25572532,1
5/30/2015,17,0.387543517,0.071456032,40.8,59.52786266,78.25572532,1
5/30/2015,18,0.400395917,0.068227353,40.8,59.52786266,78.25572532,1
5/30/2015,19,0.406018842,0.06355494,40.8,59.52786266,78.25572532,1
5/30/2015,20,0.411641767,0.058770643,40.8,59.52786266,78.25572532,1
5/30/2015,21,0.416996933,0.059317967,40.8,59.52786266,78.25572532,1
5/30/2015,22,0.4223521,0.059847062,40.8,59.52786266,78.25572532,1
5/30/2015,23,0.42717175,0.060267663,40.8,59.52786266,78.25572532,1
5/30/2015,24,0.43359795,0.060866828,40.8,59.52786266,78.25572532,1
5/30/2015,25,0.43359795,0.060505802,40.8,59.52786266,78.25572532,1
5/30/2015,26,0.431188125,0.059746401,40.8,59.52786266,78.25572532,1
5/30/2015,27,0.4287783,0.058917968,40.8,59.52786266,78.25572532,1
5/30/2015,28,0.423155375,0.057574224,40.8,59.52786266,78.25572532,1
5/30/2015,29,0.41753245,0.056151651,40.8,59.52786266,78.25572532,1
5/30/2015,30,0.40789315,0.054105936,40.8,59.52786266,78.25572532,1
5/30/2015,31,0.40146695,0.052391201,40.8,59.52786266,78.25572532,1
5/30/2015,32,0.39504075,0.050558085,40.8,59.52786266,78.25572532,1
5/30/2015,33,0.38218835,0.047785279,40.8,59.52786266,78.25572532,1
5/30/2015,34,0.3677294,0.044710579,40.8,59.52786266,78.25572532,1
5/30/2015,35,0.3516639,0.041356472,40.8,59.52786266,78.25572532,1
5/30/2015,36,0.346040975,0.039124616,40.8,59.52786266,78.25572532,1
5/30/2015,37,0.34041805,0.03676035,40.8,59.52786266,78.25572532,1
5/30/2015,38,0.33077875,0.03387877,40.8,59.52786266,78.25572532,1
5/30/2015,39,0.32113945,0.03097474,40.8,59.52786266,78.25572532,1
5/30/2015,40,0.30828705,0.027803183,40.8,59.52786266,78.25572532,1
5/30/2015,41,0.3002543,0.024913048,40.8,59.52786266,78.25572532,1
5/30/2015,42,0.29864775,0.022653765,40.8,59.52786266,78.25572532,2
5/30/2015,43,0.2970412,0.020475374,40.8,59.52786266,78.25572532,2
5/30/2015,44,0.3002543,0.018702402,40.8,59.52786266,78.25572532,2
5/30/2015,45,0.3066805,0.017172274,40.8,59.52786266,78.25572532,2
5/30/2015,46,0.3195329,0.016007286,40.8,59.52786266,78.25572532,2
5/30/2015,47,0.3355984,0.014975962,40.8,59.52786266,78.25572532,2
5/30/2015,48,0.354877,0.014051316,40.8,59.52786266,78.25572532,2
5/30/2015,49,0.3645163,0.012760931,40.8,59.52786266,78.25572532,2
5/30/2015,50,0.3741556,0.011544238,40.8,59.52786266,78.25572532,2
5/30/2015,51,0.381117317,0.010334465,40.8,59.52786266,78.25572532,2
5/30/2015,52,0.388079033,0.009225061,40.8,59.52786266,78.25572532,2
5/30/2015,53,0.39504075,0.008213659,40.8,59.52786266,78.25572532,2
5/30/2015,54,0.40789315,0.007403263,40.8,59.52786266,78.25572532,2
5/30/2015,55,0.42074555,0.006654472,40.8,59.52786266,78.25572532,2
5/30/2015,56,0.44323725,0.006099179,40.8,59.52786266,78.25572532,2
5/30/2015,57,0.46572895,0.005568161,40.8,59.52786266,78.25572532,2
5/30/2015,58,0.48500755,0.005032021,40.8,59.52786266,78.25572532,2
5/30/2015,59,0.49464685,0.004448752,40.8,59.52786266,78.25572532,2
5/30/2015,60,0.50428615,0.003927867,40.8,59.52786266,78.25572532,2
5/30/2015,61,0.51713855,0.003559317,40.8,59.52786266,78.25572532,2
5/30/2015,62,0.52035165,0.003162081,40.8,59.52786266,78.25572532,2
5/30/2015,63,0.52356475,0.002806964,40.8,59.52786266,78.25572532,2
5/30/2015,64,0.52035165,0.002459584,40.8,59.52786266,78.25572532,2
5/30/2015,65,0.51713855,0.00215381,40.8,59.52786266,78.25572532,2
5/30/2015,66,0.51392545,0.001884951,40.8,59.52786266,78.25572532,2
5/30/2015,67,0.509909075,0.001646185,40.8,59.52786266,78.25572532,2
5/30/2015,68,0.5058927,0.001436937,40.8,59.52786266,78.25572532,2
5/30/2015,69,0.4994665,0.001247682,40.8,59.52786266,78.25572532,2
5/30/2015,70,0.4930403,0.001082778,40.8,59.52786266,78.25572532,2
5/30/2015,71,0.4801879,0.000926793,40.8,59.52786266,78.25572532,2
5/30/2015,72,0.47215515,0.000800642,40.8,59.52786266,78.25572532,2
5/30/2015,73,0.4641224,0.000691268,40.8,59.52786266,78.25572532,2
5/30/2015,74,0.4448438,0.000581795,40.8,59.52786266,78.25572532,2
5/30/2015,75,0.4352045,0.000499691,40.8,59.52786266,78.25572532,2
5/30/2015,76,0.4255652,0.000428868,40.8,59.52786266,78.25572532,2
5/30/2015,77,0.4094997,0.000362136,40.8,59.52786266,78.25572532,2
5/30/2015,78,0.3998604,0.000310245,40.8,59.52786266,78.25572532,2
5/30/2015,79,0.397718333,0.000270689,40.8,59.52786266,78.25572532,3
5/30/2015,80,0.395576267,0.000236131,40.8,59.52786266,78.25572532,3
5/30/2015,81,0.3934342,0.000208814,40.8,59.52786266,78.25572532,3
5/30/2015,82,0.387008,0.000182514,40.8,59.52786266,78.25572532,3
5/30/2015,83,0.3837949,0.000160733,40.8,59.52786266,78.25572532,3
5/30/2015,84,0.3805818,0.000141461,40.8,59.52786266,78.25572532,3
5/30/2015,85,0.3741556,0.000123366,40.8,59.52786266,78.25572532,3
5/30/2015,86,0.3677294,0.000107499,40.8,59.52786266,78.25572532,3
5/30/2015,87,0.36290975,9.40E-05,40.8,59.52786266,78.25572532,3
5/30/2015,88,0.3580901,8.22E-05,40.8,59.52786266,78.25572532,3
5/30/2015,89,0.3484508,7.08E-05,40.8,59.52786266,78.25572532,3
5/30/2015,90,0.3388115,6.09E-05,40.8,59.52786266,78.25572532,3
5/30/2015,91,0.3323853,5.29E-05,40.8,59.52786266,78.25572532,3
5/30/2015,92,0.3259591,0.000045857,40.8,59.52786266,78.25572532,3
5/30/2015,93,0.3131067,3.89E-05,40.8,59.52786266,78.25572532,3
5/30/2015,94,0.3034674,3.34E-05,40.8,59.52786266,78.25572532,3
5/30/2015,95,0.3002543,2.92E-05,40.8,59.52786266,78.25572532,3
5/30/2015,96,0.2970412,2.55E-05,40.8,59.52786266,78.25572532,3
5/30/2015,97,0.28900845,2.19E-05,40.8,59.52786266,78.25572532,3
5/30/2015,98,0.28258225,0.00001888,40.8,59.52786266,78.25572532,3
5/30/2015,99,0.27615605,1.63E-05,40.8,59.52786266,78.25572532,3
5/30/2015,100,0.26651675,1.39E-05,40.8,59.52786266,78.25572532,3
7/3/2015,0,0.27294295,0.067106352,68.5,84.00186364,99.50372728,1
7/3/2015,1,0.27294295,0.067106352,68.5,84.00186364,99.50372728,1
7/3/2015,2,0.29222155,0.0711168,68.5,84.00186364,99.50372728,1
7/3/2015,3,0.3098936,0.074596696,68.5,84.00186364,99.50372728,1
7/3/2015,4,0.3259591,0.077563244,68.5,84.00186364,99.50372728,1
7/3/2015,5,0.34363115,0.0807953,68.5,84.00186364,99.50372728,1
7/3/2015,6,0.363980783,0.084541999,68.5,84.00186364,99.50372728,1
7/3/2015,7,0.376833183,0.08646273,68.5,84.00186364,99.50372728,1
7/3/2015,8,0.389685583,0.088336991,68.5,84.00186364,99.50372728,1
7/3/2015,9,0.418603483,0.093778364,68.5,84.00186364,99.50372728,1
7/3/2015,10,0.450734483,0.099827274,68.5,84.00186364,99.50372728,1
7/3/2015,11,0.482865483,0.105764273,68.5,84.00186364,99.50372728,1
7/3/2015,12,0.482865483,0.104625388,68.5,84.00186364,99.50372728,1
7/3/2015,13,0.482865483,0.103506312,68.5,84.00186364,99.50372728,1
7/3/2015,14,0.482865483,0.102380137,68.5,84.00186364,99.50372728,1
7/3/2015,15,0.484472033,0.101554678,68.5,84.00186364,99.50372728,1
7/3/2015,16,0.484472033,0.100325938,68.5,84.00186364,99.50372728,1
7/3/2015,17,0.484472033,0.099013768,68.5,84.00186364,99.50372728,1
7/3/2015,18,0.484472033,0.097603504,68.5,84.00186364,99.50372728,1
7/3/2015,19,0.484472033,0.096084365,68.5,84.00186364,99.50372728,1
7/3/2015,20,0.4801879,0.093610614,68.5,84.00186364,99.50372728,1
7/3/2015,21,0.4737617,0.090351583,68.5,84.00186364,99.50372728,1
7/3/2015,22,0.4705486,0.0876408,68.5,84.00186364,99.50372728,1
7/3/2015,23,0.4673355,0.084835604,68.5,84.00186364,99.50372728,1
7/3/2015,24,0.4544831,0.080212284,68.5,84.00186364,99.50372728,1
7/3/2015,25,0.4416307,0.075548715,68.5,84.00186364,99.50372728,1
7/3/2015,26,0.4352045,0.071889343,68.5,84.00186364,99.50372728,1
7/3/2015,27,0.4319914,0.068589215,68.5,84.00186364,99.50372728,1
7/3/2015,28,0.4319914,0.065570538,68.5,84.00186364,99.50372728,1
7/3/2015,29,0.4352045,0.062760287,68.5,84.00186364,99.50372728,1
7/3/2015,30,0.436275533,0.05936549,68.5,84.00186364,99.50372728,1
7/3/2015,31,0.437346567,0.055744636,68.5,84.00186364,99.50372728,1
7/3/2015,32,0.4384176,0.051949464,68.5,84.00186364,99.50372728,1
7/3/2015,33,0.4416307,0.048278929,68.5,84.00186364,99.50372728,1
7/3/2015,34,0.44323725,0.044369684,68.5,84.00186364,99.50372728,1
7/3/2015,35,0.4448438,0.040483367,68.5,84.00186364,99.50372728,1
7/3/2015,36,0.4480569,0.036817716,68.5,84.00186364,99.50372728,1
7/3/2015,37,0.45127,0.033269806,68.5,84.00186364,99.50372728,1
7/3/2015,38,0.4576962,0.030097788,68.5,84.00186364,99.50372728,1
7/3/2015,39,0.4641224,0.027077657,68.5,84.00186364,99.50372728,1
7/3/2015,40,0.46572895,0.023990182,68.5,84.00186364,99.50372728,1
7/3/2015,41,0.4673355,0.02113522,68.5,84.00186364,99.50372728,1
7/3/2015,42,0.4673355,0.018461123,68.5,84.00186364,99.50372728,1
7/3/2015,43,0.4641224,0.015943491,68.5,84.00186364,99.50372728,1
7/3/2015,44,0.4641224,0.013811517,68.5,84.00186364,99.50372728,1
7/3/2015,45,0.4641224,0.011925365,68.5,84.00186364,99.50372728,1
7/3/2015,46,0.46251585,0.010232348,68.5,84.00186364,99.50372728,1
7/3/2015,47,0.4609093,0.008758566,68.5,84.00186364,99.50372728,1
7/3/2015,48,0.4609093,0.007507872,68.5,84.00186364,99.50372728,1
7/3/2015,49,0.4609093,0.006424652,68.5,84.00186364,99.50372728,1
7/3/2015,50,0.4609093,0.005489665,68.5,84.00186364,99.50372728,1
7/3/2015,51,0.458767233,0.004663162,68.5,84.00186364,99.50372728,1
7/3/2015,52,0.456625167,0.003956858,68.5,84.00186364,99.50372728,1
7/3/2015,53,0.4544831,0.003354488,68.5,84.00186364,99.50372728,1
7/3/2015,54,0.4544831,0.002855089,68.5,84.00186364,99.50372728,1
7/3/2015,55,0.45287655,0.002419922,68.5,84.00186364,99.50372728,1
7/3/2015,56,0.45127,0.002049966,68.5,84.00186364,99.50372728,1
7/3/2015,57,0.4480569,0.001729567,68.5,84.00186364,99.50372728,1
7/3/2015,58,0.44645035,0.001463886,68.5,84.00186364,99.50372728,1
7/3/2015,59,0.4448438,0.001238606,68.5,84.00186364,99.50372728,1
7/3/2015,60,0.44323725,0.0010477,68.5,84.00186364,99.50372728,1
7/3/2015,61,0.4416307,0.000894491,68.5,84.00186364,99.50372728,1
7/3/2015,62,0.437614325,0.000759256,68.5,84.00186364,99.50372728,1
7/3/2015,63,0.43359795,0.000644231,68.5,84.00186364,99.50372728,1
7/3/2015,64,0.42717175,0.000543381,68.5,84.00186364,99.50372728,1
7/3/2015,65,0.4223521,0.000459858,68.5,84.00186364,99.50372728,1
7/3/2015,66,0.41753245,0.000389041,68.5,84.00186364,99.50372728,1
7/3/2015,67,0.399630893,0.000318593,68.5,84.00186364,99.50372728,1
7/3/2015,68,0.389991593,0.000265967,68.5,84.00186364,99.50372728,1
7/3/2015,69,0.373926093,0.000218112,68.5,84.00186364,99.50372728,1
7/3/2015,70,0.357860593,0.00017851,68.5,84.00186364,99.50372728,2
7/3/2015,71,0.349827843,0.000149209,68.5,84.00186364,99.50372728,2
7/3/2015,72,0.341795093,0.000124635,68.5,84.00186364,99.50372728,2
7/3/2015,73,0.325729593,0.000101533,68.5,84.00186364,99.50372728,2
7/3/2015,74,0.320106668,8.53E-05,68.5,84.00186364,99.50372728,2
7/3/2015,75,0.314483743,7.16E-05,68.5,84.00186364,99.50372728,2
7/3/2015,76,0.306450993,5.96E-05,68.5,84.00186364,99.50372728,2
7/3/2015,77,0.302434618,0.000050277,68.5,84.00186364,99.50372728,2
7/3/2015,78,0.298418243,4.24E-05,68.5,84.00186364,99.50372728,2
7/3/2015,79,0.295205143,0.000035816,68.5,84.00186364,99.50372728,2
7/3/2015,80,0.296123171,3.07E-05,68.5,84.00186364,99.50372728,2
7/3/2015,81,0.2970412,2.63E-05,68.5,84.00186364,99.50372728,2
7/3/2015,82,0.2970412,0.000022511,68.5,84.00186364,99.50372728,2
7/3/2015,83,0.3002543,1.95E-05,68.5,84.00186364,99.50372728,2
7/3/2015,84,0.3034674,1.68E-05,68.5,84.00186364,99.50372728,2
7/3/2015,85,0.3163198,1.50E-05,68.5,84.00186364,99.50372728,2
7/3/2015,86,0.320068417,1.30E-05,68.5,84.00186364,99.50372728,2
7/3/2015,87,0.323817033,1.12E-05,68.5,84.00186364,99.50372728,2
7/3/2015,88,0.327030133,9.67E-06,68.5,84.00186364,99.50372728,2
7/3/2015,89,0.326226858,8.24E-06,68.5,84.00186364,99.50372728,2
7/3/2015,90,0.325423583,7.02E-06,68.5,84.00186364,99.50372728,2
7/3/2015,91,0.318997383,5.88E-06,68.5,84.00186364,99.50372728,2
7/3/2015,92,0.314177733,4.95E-06,68.5,84.00186364,99.50372728,2
7/3/2015,93,0.310964633,4.18E-06,68.5,84.00186364,99.50372728,2
7/3/2015,94,0.307751533,3.54E-06,68.5,84.00186364,99.50372728,2
7/3/2015,95,0.304538433,2.99E-06,68.5,84.00186364,99.50372728,2
7/3/2015,96,0.300522058,2.52E-06,68.5,84.00186364,99.50372728,2
7/3/2015,97,0.296505683,2.12E-06,68.5,84.00186364,99.50372728,2
7/3/2015,98,0.277227083,1.69E-06,68.5,84.00186364,99.50372728,2
7/3/2015,99,0.271871917,1.42E-06,68.5,84.00186364,99.50372728,2
7/3/2015,100,0.26651675,1.19E-06,68.5,84.00186364,99.50372728,2
8/3/2015,0,0.41,0.13042021,67.7,83.17119439,98.64238877,1
8/3/2015,1,0.4359375,0.137464636,67.7,83.17119439,98.64238877,1
8/3/2015,2,0.461875,0.144333866,67.7,83.17119439,98.64238877,1
8/3/2015,3,0.4878125,0.151035822,67.7,83.17119439,98.64238877,1
8/3/2015,4,0.51375,0.157581992,67.7,83.17119439,98.64238877,1
8/3/2015,5,0.5396875,0.163986362,67.7,83.17119439,98.64238877,1
8/3/2015,6,0.565625,0.170263762,67.7,83.17119439,98.64238877,1
8/3/2015,7,0.5915625,0.176427675,67.7,83.17119439,98.64238877,1
8/3/2015,8,0.6175,0.182487623,67.7,83.17119439,98.64238877,1
8/3/2015,9,0.6434375,0.188446485,67.7,83.17119439,98.64238877,1
8/3/2015,10,0.669375,0.194298233,67.7,83.17119439,98.64238877,1
8/3/2015,11,0.6619375,0.190425417,67.7,83.17119439,98.64238877,1
8/3/2015,12,0.6545,0.186577491,67.7,83.17119439,98.64238877,1
8/3/2015,13,0.6470625,0.182726884,67.7,83.17119439,98.64238877,1
8/3/2015,14,0.639625,0.178847136,67.7,83.17119439,98.64238877,1
8/3/2015,15,0.6321875,0.174915753,67.7,83.17119439,98.64238877,1
8/3/2015,16,0.62475,0.170915634,67.7,83.17119439,98.64238877,1
8/3/2015,17,0.6173125,0.16683472,67.7,83.17119439,98.64238877,1
8/3/2015,18,0.609875,0.162664144,67.7,83.17119439,98.64238877,1
8/3/2015,19,0.6024375,0.158395575,67.7,83.17119439,98.64238877,1
8/3/2015,20,0.595,0.154018392,67.7,83.17119439,98.64238877,1
8/3/2015,21,0.5994625,0.151041151,67.7,83.17119439,98.64238877,1
8/3/2015,22,0.603925,0.147734921,67.7,83.17119439,98.64238877,1
8/3/2015,23,0.6083875,0.144030458,67.7,83.17119439,98.64238877,1
8/3/2015,24,0.61285,0.139839378,67.7,83.17119439,98.64238877,1
8/3/2015,25,0.6173125,0.135063948,67.7,83.17119439,98.64238877,1
8/3/2015,26,0.621775,0.129616675,67.7,83.17119439,98.64238877,1
8/3/2015,27,0.6262375,0.123445199,67.7,83.17119439,98.64238877,1
8/3/2015,28,0.6307,0.116553993,67.7,83.17119439,98.64238877,1
8/3/2015,29,0.6351625,0.109014817,67.7,83.17119439,98.64238877,1
8/3/2015,30,0.639625,0.100962491,67.7,83.17119439,98.64238877,1
8/3/2015,31,0.6440875,0.092578086,67.7,83.17119439,98.64238877,1
8/3/2015,32,0.64855,0.084065346,67.7,83.17119439,98.64238877,1
8/3/2015,33,0.6530125,0.075626757,67.7,83.17119439,98.64238877,1
8/3/2015,34,0.657475,0.067444113,67.7,83.17119439,98.64238877,1
8/3/2015,35,0.6619375,0.059665897,67.7,83.17119439,98.64238877,1
8/3/2015,36,0.6664,0.052401625,67.7,83.17119439,98.64238877,1
8/3/2015,37,0.6708625,0.045721888,67.7,83.17119439,98.64238877,1
8/3/2015,38,0.675325,0.039662261,67.7,83.17119439,98.64238877,1
8/3/2015,39,0.6797875,0.034229322,67.7,83.17119439,98.64238877,1
8/3/2015,40,0.68425,0.029407358,67.7,83.17119439,98.64238877,1
8/3/2015,41,0.67235,0.024849396,67.7,83.17119439,98.64238877,1
8/3/2015,42,0.66045,0.020932568,67.7,83.17119439,98.64238877,1
8/3/2015,43,0.64855,0.017584616,67.7,83.17119439,98.64238877,1
8/3/2015,44,0.63665,0.014736161,67.7,83.17119439,98.64238877,1
8/3/2015,45,0.62475,0.012322433,67.7,83.17119439,98.64238877,1
8/3/2015,46,0.61285,0.010284244,67.7,83.17119439,98.64238877,1
8/3/2015,47,0.60095,0.00856842,67.7,83.17119439,98.64238877,1
8/3/2015,48,0.58905,0.007127827,67.7,83.17119439,98.64238877,1
8/3/2015,49,0.57715,0.005921142,67.7,83.17119439,98.64238877,1
8/3/2015,50,0.56525,0.004912467,67.7,83.17119439,98.64238877,1
8/3/2015,51,0.55335,0.004070843,67.7,83.17119439,98.64238877,1
8/3/2015,52,0.54145,0.00336974,67.7,83.17119439,98.64238877,1
8/3/2015,53,0.52955,0.002786542,67.7,83.17119439,98.64238877,1
8/3/2015,54,0.51765,0.002302055,67.7,83.17119439,98.64238877,1
8/3/2015,55,0.50575,0.00190005,67.7,83.17119439,98.64238877,1
8/3/2015,56,0.49385,0.001566848,67.7,83.17119439,98.64238877,1
8/3/2015,57,0.48195,0.001290953,67.7,83.17119439,98.64238877,1
8/3/2015,58,0.47005,0.001062725,67.7,83.17119439,98.64238877,1
8/3/2015,59,0.45815,0.000874097,67.7,83.17119439,98.64238877,1
8/3/2015,60,0.44625,0.000718333,67.7,83.17119439,98.64238877,1
8/3/2015,61,0.4388125,0.000597117,67.7,83.17119439,98.64238877,1
8/3/2015,62,0.431375,0.00049606,67.7,83.17119439,98.64238877,1
8/3/2015,63,0.4239375,0.000411888,67.7,83.17119439,98.64238877,1
8/3/2015,64,0.4165,0.000341833,67.7,83.17119439,98.64238877,1
8/3/2015,65,0.4090625,0.000283565,67.7,83.17119439,98.64238877,1
8/3/2015,66,0.401625,0.000235126,67.7,83.17119439,98.64238877,1
8/3/2015,67,0.3941875,0.00019488,67.7,83.17119439,98.64238877,1
8/3/2015,68,0.38675,0.000161454,67.7,83.17119439,98.64238877,1
8/3/2015,69,0.3793125,0.000133706,67.7,83.17119439,98.64238877,2
8/3/2015,70,0.371875,0.00011068,67.7,83.17119439,98.64238877,2
8/3/2015,71,0.3644375,9.16E-05,67.7,83.17119439,98.64238877,2
8/3/2015,72,0.357,7.57E-05,67.7,83.17119439,98.64238877,2
8/3/2015,73,0.3495625,6.26E-05,67.7,83.17119439,98.64238877,2
8/3/2015,74,0.342125,5.17E-05,67.7,83.17119439,98.64238877,2
8/3/2015,75,0.3346875,4.27E-05,67.7,83.17119439,98.64238877,2
8/3/2015,76,0.32725,3.53E-05,67.7,83.17119439,98.64238877,2
8/3/2015,77,0.3198125,2.91E-05,67.7,83.17119439,98.64238877,2
8/3/2015,78,0.312375,2.40E-05,67.7,83.17119439,98.64238877,2
8/3/2015,79,0.3049375,0.000019776,67.7,83.17119439,98.64238877,2
8/3/2015,80,0.2975,1.63E-05,67.7,83.17119439,98.64238877,2
8/3/2015,81,0.288575,1.37E-05,67.7,83.17119439,98.64238877,2
8/3/2015,82,0.27965,1.16E-05,67.7,83.17119439,98.64238877,2
8/3/2015,83,0.270725,9.74E-06,67.7,83.17119439,98.64238877,2
8/3/2015,84,0.2618,8.18E-06,67.7,83.17119439,98.64238877,2
8/3/2015,85,0.252875,6.85E-06,67.7,83.17119439,98.64238877,2
8/3/2015,86,0.24395,5.73E-06,67.7,83.17119439,98.64238877,2
8/3/2015,87,0.235025,4.78E-06,67.7,83.17119439,98.64238877,2
8/3/2015,88,0.2261,3.99E-06,67.7,83.17119439,98.64238877,2
8/3/2015,89,0.217175,3.31E-06,67.7,83.17119439,98.64238877,2
8/3/2015,90,0.20825,2.75E-06,67.7,83.17119439,98.64238877,2
8/3/2015,91,0.199325,2.27E-06,67.7,83.17119439,98.64238877,2
8/3/2015,92,0.1904,1.88E-06,67.7,83.17119439,98.64238877,2
8/3/2015,93,0.181475,1.55E-06,67.7,83.17119439,98.64238877,2
8/3/2015,94,0.17255,1.27E-06,67.7,83.17119439,98.64238877,2
8/3/2015,95,0.163625,1.04E-06,67.7,83.17119439,98.64238877,2
8/3/2015,96,0.1547,8.46E-07,67.7,83.17119439,98.64238877,2
8/3/2015,97,0.145775,6.88E-07,67.7,83.17119439,98.64238877,2
8/3/2015,98,0.13685,5.57E-07,67.7,83.17119439,98.64238877,2
8/3/2015,99,0.127925,4.48E-07,67.7,83.17119439,98.64238877,2
8/3/2015,100,0.119,3.59E-07,67.7,83.17119439,98.64238877,3
9/5/2015,0,0.274762154,0.087959902,66.9,82.34052513,97.78105027,1
9/5/2015,1,0.274762154,0.087959902,66.9,82.34052513,97.78105027,1
9/5/2015,2,0.283330421,0.090132546,66.9,82.34052513,97.78105027,1
9/5/2015,3,0.293505238,0.092661459,66.9,82.34052513,97.78105027,1
9/5/2015,4,0.303144538,0.094864448,66.9,82.34052513,97.78105027,1
9/5/2015,5,0.314925904,0.097586773,66.9,82.34052513,97.78105027,1
9/5/2015,6,0.322155379,0.09877475,66.9,82.34052513,97.78105027,1
9/5/2015,7,0.332678282,0.100877849,66.9,82.34052513,97.78105027,1
9/5/2015,8,0.343120857,0.102878542,66.9,82.34052513,97.78105027,1
9/5/2015,9,0.358829346,0.106389125,66.9,82.34052513,97.78105027,1
9/5/2015,10,0.370005346,0.108507641,66.9,82.34052513,97.78105027,1
9/5/2015,11,0.372147413,0.107987429,66.9,82.34052513,97.78105027,1
9/5/2015,12,0.375146306,0.107753914,66.9,82.34052513,97.78105027,1
9/5/2015,13,0.378627164,0.107680992,66.9,82.34052513,97.78105027,1
9/5/2015,14,0.380233714,0.107076828,66.9,82.34052513,97.78105027,1
9/5/2015,15,0.385053364,0.107342648,66.9,82.34052513,97.78105027,1
9/5/2015,16,0.393086114,0.108414374,66.9,82.34052513,97.78105027,1
9/5/2015,17,0.404274587,0.110210446,66.9,82.34052513,97.78105027,1
9/5/2015,18,0.409094237,0.11010053,66.9,82.34052513,97.78105027,1
9/5/2015,19,0.407487687,0.108108195,66.9,82.34052513,97.78105027,1
9/5/2015,20,0.409897512,0.107014622,66.9,82.34052513,97.78105027,1
9/5/2015,21,0.413110612,0.104463055,66.9,82.34052513,97.78105027,1
9/5/2015,22,0.418894192,0.102356817,66.9,82.34052513,97.78105027,1
9/5/2015,23,0.423981601,0.099837017,66.9,82.34052513,97.78105027,1
9/5/2015,24,0.427194701,0.096625887,66.9,82.34052513,97.78105027,1
9/5/2015,25,0.420232984,0.090946797,66.9,82.34052513,97.78105027,1
9/5/2015,26,0.41559184,0.085657597,66.9,82.34052513,97.78105027,1
9/5/2015,27,0.416050854,0.081219187,66.9,82.34052513,97.78105027,1
9/5/2015,28,0.414214797,0.076104934,66.9,82.34052513,97.78105027,1
9/5/2015,29,0.415821347,0.07140487,66.9,82.34052513,97.78105027,1
9/5/2015,30,0.419034447,0.066747895,66.9,82.34052513,97.78105027,1
9/5/2015,31,0.419034447,0.061433405,66.9,82.34052513,97.78105027,1
9/5/2015,32,0.416463967,0.055752261,66.9,82.34052513,97.78105027,1
9/5/2015,33,0.412179833,0.049993697,66.9,82.34052513,97.78105027,1
9/5/2015,34,0.41271535,0.045015055,66.9,82.34052513,97.78105027,1
9/5/2015,35,0.419944825,0.040896765,66.9,82.34052513,97.78105027,1
9/5/2015,36,0.42458597,0.03667538,66.9,82.34052513,97.78105027,1
9/5/2015,37,0.42458597,0.032332684,66.9,82.34052513,97.78105027,1
9/5/2015,38,0.426422027,0.028469354,66.9,82.34052513,97.78105027,1
9/5/2015,39,0.429635127,0.025022588,66.9,82.34052513,97.78105027,1
9/5/2015,40,0.429635127,0.02173143,66.9,82.34052513,97.78105027,1
9/5/2015,41,0.428028577,0.01906218,66.9,82.34052513,97.78105027,1
9/5/2015,42,0.427385957,0.016690095,66.9,82.34052513,97.78105027,1
9/5/2015,43,0.432741123,0.014765322,66.9,82.34052513,97.78105027,1
9/5/2015,44,0.433812157,0.012892008,66.9,82.34052513,97.78105027,1
9/5/2015,45,0.429153162,0.011077309,66.9,82.34052513,97.78105027,1
9/5/2015,46,0.419513862,0.009382589,66.9,82.34052513,97.78105027,1
9/5/2015,47,0.417586002,0.008075375,66.9,82.34052513,97.78105027,1
9/5/2015,48,0.424012202,0.00707685,66.9,82.34052513,97.78105027,1
9/5/2015,49,0.423369582,0.006088836,66.9,82.34052513,97.78105027,1
9/5/2015,50,0.417746657,0.005169864,66.9,82.34052513,97.78105027,1
9/5/2015,51,0.418282173,0.004449017,66.9,82.34052513,97.78105027,1
9/5/2015,52,0.425259191,0.00388349,66.9,82.34052513,97.78105027,1
9/5/2015,53,0.424723674,0.003327,66.9,82.34052513,97.78105027,1
9/5/2015,54,0.426330224,0.002862367,66.9,82.34052513,97.78105027,1
9/5/2015,55,0.428043877,0.002461496,66.9,82.34052513,97.78105027,1
9/5/2015,56,0.433399044,0.002133375,66.9,82.34052513,97.78105027,1
9/5/2015,57,0.429971737,0.001810742,66.9,82.34052513,97.78105027,1
9/5/2015,58,0.415512787,0.001496359,66.9,82.34052513,97.78105027,1
9/5/2015,59,0.405712832,0.001248896,66.9,82.34052513,97.78105027,1
9/5/2015,60,0.401428699,0.001055878,66.9,82.34052513,97.78105027,1
9/5/2015,61,0.400357666,0.00089741,66.9,82.34052513,97.78105027,1
9/5/2015,62,0.395308508,0.000754807,66.9,82.34052513,97.78105027,1
9/5/2015,63,0.388882308,0.000632311,66.9,82.34052513,97.78105027,1
9/5/2015,64,0.380849558,0.000527184,66.9,82.34052513,97.78105027,1
9/5/2015,65,0.377208045,0.000444417,66.9,82.34052513,97.78105027,1
9/5/2015,66,0.372923912,0.000373896,66.9,82.34052513,97.78105027,1
9/5/2015,67,0.370246328,0.000315846,66.9,82.34052513,97.78105027,1
9/5/2015,68,0.364355645,0.000264428,66.9,82.34052513,97.78105027,2
9/5/2015,69,0.35873272,0.000221463,66.9,82.34052513,97.78105027,2
9/5/2015,70,0.357661687,0.000187805,66.9,82.34052513,97.78105027,2
9/5/2015,71,0.347869382,0.000155353,66.9,82.34052513,97.78105027,2
9/5/2015,72,0.333731742,0.000126746,66.9,82.34052513,97.78105027,2
9/5/2015,73,0.326502267,0.000105445,66.9,82.34052513,97.78105027,2
9/5/2015,74,0.319272792,8.77E-05,66.9,82.34052513,97.78105027,2
9/5/2015,75,0.306420392,7.15E-05,66.9,82.34052513,97.78105027,2
9/5/2015,76,0.296138472,5.88E-05,66.9,82.34052513,97.78105027,2
9/5/2015,77,0.287837964,4.86E-05,66.9,82.34052513,97.78105027,2
9/5/2015,78,0.284357105,4.08E-05,66.9,82.34052513,97.78105027,2
9/5/2015,79,0.280876247,0.000034256,66.9,82.34052513,97.78105027,2
9/5/2015,80,0.27552108,2.86E-05,66.9,82.34052513,97.78105027,2
9/5/2015,81,0.26909488,2.48E-05,66.9,82.34052513,97.78105027,2
9/5/2015,82,0.255171447,0.000020859,66.9,82.34052513,97.78105027,2
9/5/2015,83,0.244614118,1.77E-05,66.9,82.34052513,97.78105027,2
9/5/2015,84,0.239473158,1.53E-05,66.9,82.34052513,97.78105027,2
9/5/2015,85,0.241615225,1.36E-05,66.9,82.34052513,97.78105027,2
9/5/2015,86,0.244828325,1.21E-05,66.9,82.34052513,97.78105027,2
9/5/2015,87,0.241615225,1.05E-05,66.9,82.34052513,97.78105027,2
9/5/2015,88,0.2327792,8.89E-06,66.9,82.34052513,97.78105027,2
9/5/2015,89,0.226888517,7.59E-06,66.9,82.34052513,97.78105027,2
9/5/2015,90,0.22795955,6.67E-06,66.9,82.34052513,97.78105027,2
9/5/2015,91,0.22795955,5.83E-06,66.9,82.34052513,97.78105027,2
9/5/2015,92,0.22795955,5.09E-06,66.9,82.34052513,97.78105027,2
9/5/2015,93,0.23117265,4.50E-06,66.9,82.34052513,97.78105027,2
9/5/2015,94,0.23438575,3.97E-06,66.9,82.34052513,97.78105027,2
9/5/2015,95,0.23759885,3.50E-06,66.9,82.34052513,97.78105027,2
9/5/2015,96,0.238669883,3.06E-06,66.9,82.34052513,97.78105027,2
9/5/2015,97,0.238268246,2.65E-06,66.9,82.34052513,97.78105027,2
9/5/2015,98,0.237866608,2.30E-06,66.9,82.34052513,97.78105027,2
9/5/2015,99,0.244292808,2.05E-06,66.9,82.34052513,97.78105027,3
9/5/2015,100,,,66.9,82.34052513,97.78105027,3
10/3/2015,0,0.270854435,0.032805905,31.2,51.60009979,72.00019957,1
10/3/2015,1,0.270854435,0.032805905,31.2,51.60009979,72.00019957,1
10/3/2015,2,0.28611666,0.034890662,31.2,51.60009979,72.00019957,1
10/3/2015,3,0.301378885,0.036977862,31.2,51.60009979,72.00019957,1
10/3/2015,4,0.327083685,0.040347821,31.2,51.60009979,72.00019957,1
10/3/2015,5,0.339534448,0.042074797,31.2,51.60009979,72.00019957,1
10/3/2015,6,0.35198521,0.043779881,31.2,51.60009979,72.00019957,1
10/3/2015,7,0.37608346,0.046911461,31.2,51.60009979,72.00019957,1
10/3/2015,8,0.389739135,0.04871313,31.2,51.60009979,72.00019957,1
10/3/2015,9,0.40339481,0.050479664,31.2,51.60009979,72.00019957,1
10/3/2015,10,0.42588651,0.053314481,31.2,51.60009979,72.00019957,1
10/3/2015,11,0.45480441,0.056914518,31.2,51.60009979,72.00019957,1
10/3/2015,12,0.482329967,0.060300693,31.2,51.60009979,72.00019957,1
10/3/2015,13,0.515532,0.064359621,31.2,51.60009979,72.00019957,1
10/3/2015,14,0.5123189,0.06384892,31.2,51.60009979,72.00019957,1
10/3/2015,15,0.50749925,0.063131773,31.2,51.60009979,72.00019957,1
10/3/2015,16,0.5026796,0.062415268,31.2,51.60009979,72.00019957,1
10/3/2015,17,0.4962534,0.061500596,31.2,51.60009979,72.00019957,1
10/3/2015,18,0.4930403,0.060978273,31.2,51.60009979,72.00019957,1
10/3/2015,19,0.4898272,0.060436461,31.2,51.60009979,72.00019957,1
10/3/2015,20,0.483802638,0.059512952,31.2,51.60009979,72.00019957,1
10/3/2015,21,0.477778075,0.058582621,31.2,51.60009979,72.00019957,1
10/3/2015,22,0.463319125,0.056580719,31.2,51.60009979,72.00019957,1
10/3/2015,23,0.458499475,0.055711991,31.2,51.60009979,72.00019957,1
10/3/2015,24,0.453679825,0.054787821,31.2,51.60009979,72.00019957,1
10/3/2015,25,0.444040525,0.053223581,31.2,51.60009979,72.00019957,1
10/3/2015,26,0.440827425,0.052362735,31.2,51.60009979,72.00019957,1
10/3/2015,27,0.437614325,0.051418603,31.2,51.60009979,72.00019957,1
10/3/2015,28,0.431188125,0.050005138,31.2,51.60009979,72.00019957,1
10/3/2015,29,0.431188125,0.049223655,31.2,51.60009979,72.00019957,1
10/3/2015,30,0.431188125,0.048297059,31.2,51.60009979,72.00019957,1
10/3/2015,31,0.431188125,0.047201969,31.2,51.60009979,72.00019957,1
10/3/2015,32,0.431188125,0.04591681,31.2,51.60009979,72.00019957,2
10/3/2015,33,0.4384176,0.045170626,31.2,51.60009979,72.00019957,2
10/3/2015,34,0.4480569,0.044393945,31.2,51.60009979,72.00019957,2
10/3/2015,35,0.4544831,0.043018036,31.2,51.60009979,72.00019957,2
10/3/2015,36,0.45930275,0.041240558,31.2,51.60009979,72.00019957,2
10/3/2015,37,0.46219454,0.039084193,31.2,51.60009979,72.00019957,2
10/3/2015,38,0.45416179,0.035907033,31.2,51.60009979,72.00019957,2
10/3/2015,39,0.44934214,0.032978543,31.2,51.60009979,72.00019957,2
10/3/2015,40,0.44452249,0.030076879,31.2,51.60009979,72.00019957,2
10/3/2015,41,0.43809629,0.026630898,31.2,51.60009979,72.00019957,2
10/3/2015,42,0.435954223,0.023624474,31.2,51.60009979,72.00019957,2
10/3/2015,43,0.437025257,0.020963657,31.2,51.60009979,72.00019957,2
10/3/2015,44,0.434079915,0.018315353,31.2,51.60009979,72.00019957,2
10/3/2015,45,0.431134573,0.015910844,31.2,51.60009979,72.00019957,2
10/3/2015,46,0.422566307,0.013572103,31.2,51.60009979,72.00019957,2
10/3/2015,47,0.416140107,0.011581552,31.2,51.60009979,72.00019957,2
10/3/2015,48,0.409713907,0.009842998,31.2,51.60009979,72.00019957,2
10/3/2015,49,0.408000253,0.008433111,31.2,51.60009979,72.00019957,2
10/3/2015,50,0.4062866,0.007204336,31.2,51.60009979,72.00019957,2
10/3/2015,51,0.41431935,0.006287139,31.2,51.60009979,72.00019957,2
10/3/2015,52,0.42010293,0.00544377,31.2,51.60009979,72.00019957,2
10/3/2015,53,0.42010293,0.004640062,31.2,51.60009979,72.00019957,2
10/3/2015,54,0.415818797,0.003908451,31.2,51.60009979,72.00019957,2
10/3/2015,55,0.408321563,0.003261663,31.2,51.60009979,72.00019957,2
10/3/2015,56,0.406179497,0.002754077,31.2,51.60009979,72.00019957,2
10/3/2015,57,0.405108463,0.002329194,31.2,51.60009979,72.00019957,2
10/3/2015,58,0.405108463,0.001973314,31.2,51.60009979,72.00019957,2
10/3/2015,59,0.401574053,0.001655945,31.2,51.60009979,72.00019957,2
10/3/2015,60,0.398093195,0.001388764,31.2,51.60009979,72.00019957,2
10/3/2015,61,0.393273545,0.001231189,31.2,51.60009979,72.00019957,2
10/3/2015,62,0.384276865,0.001076385,31.2,51.60009979,72.00019957,2
10/3/2015,63,0.381063765,0.000952565,31.2,51.60009979,72.00019957,2
10/3/2015,64,0.381063765,0.000848173,31.2,51.60009979,72.00019957,2
10/3/2015,65,0.378921698,0.000749461,31.2,51.60009979,72.00019957,2
10/3/2015,66,0.376779632,0.000661015,31.2,51.60009979,72.00019957,2
10/3/2015,67,0.376779632,0.000585359,31.2,51.60009979,72.00019957,2
10/3/2015,68,0.378386182,0.000519792,31.2,51.60009979,72.00019957,2
10/3/2015,69,0.380314042,0.000461316,31.2,51.60009979,72.00019957,2
10/3/2015,70,0.379510767,0.000405969,31.2,51.60009979,72.00019957,2
10/3/2015,71,0.377904217,0.000356085,31.2,51.60009979,72.00019957,2
10/3/2015,72,0.381117317,0.00031598,31.2,51.60009979,72.00019957,2
10/3/2015,73,0.384330417,0.000280089,31.2,51.60009979,72.00019957,3
10/3/2015,74,0.382723867,0.000244937,31.2,51.60009979,72.00019957,3
10/3/2015,75,0.380046283,0.000213402,31.2,51.60009979,72.00019957,3
10/3/2015,76,0.37897525,0.000186553,31.2,51.60009979,72.00019957,3
10/3/2015,77,0.374958875,0.000161683,31.2,51.60009979,72.00019957,3
10/3/2015,78,0.373352325,0.000140918,31.2,51.60009979,72.00019957,3
10/3/2015,79,0.368532675,0.000121671,31.2,51.60009979,72.00019957,3
10/3/2015,80,0.357286825,0.00010311,31.2,51.60009979,72.00019957,3
10/3/2015,81,0.35037866,8.72E-05,31.2,51.60009979,72.00019957,3
10/3/2015,82,0.343470495,7.37E-05,31.2,51.60009979,72.00019957,3
10/3/2015,83,0.327404995,6.05E-05,31.2,51.60009979,72.00019957,3
10/3/2015,84,0.312624735,4.98E-05,31.2,51.60009979,72.00019957,3
10/3/2015,85,0.304591985,4.18E-05,31.2,51.60009979,72.00019957,3
10/3/2015,86,0.302382979,3.58E-05,31.2,51.60009979,72.00019957,3
10/3/2015,87,0.300173973,3.06E-05,31.2,51.60009979,72.00019957,3
10/3/2015,88,0.288928123,2.54E-05,31.2,51.60009979,72.00019957,3
10/3/2015,89,0.276878998,2.09E-05,31.2,51.60009979,72.00019957,3
10/3/2015,90,0.260813498,0.000016988,31.2,51.60009979,72.00019957,3
10/3/2015,91,0.251709714,1.41E-05,31.2,51.60009979,72.00019957,3
10/3/2015,92,0.250103164,1.21E-05,31.2,51.60009979,72.00019957,3
10/3/2015,93,0.251067094,1.04E-05,31.2,51.60009979,72.00019957,3
10/3/2015,94,0.254280194,9.10E-06,31.2,51.60009979,72.00019957,3
10/3/2015,95,0.252994954,7.80E-06,31.2,51.60009979,72.00019957,3
10/3/2015,96,0.251388404,6.67E-06,31.2,51.60009979,72.00019957,3
10/3/2015,97,0.249781854,5.70E-06,31.2,51.60009979,72.00019957,3
10/3/2015,98,0.246167117,4.84E-06,31.2,51.60009979,72.00019957,3
10/3/2015,99,0.247773667,4.19E-06,31.2,51.60009979,72.00019957,3
10/3/2015,100,0.247773667,3.60E-06,31.2,51.60009979,72.00019957,3
10/29/2015,0,0.2874019,0.048047999,27.4,44.51454689,61.62909377,1
10/29/2015,1,0.2874019,0.048047999,27.4,44.51454689,61.62909377,1
10/29/2015,2,0.30507395,0.053030513,27.4,44.51454689,61.62909377,1
10/29/2015,3,0.322746,0.058198328,27.4,44.51454689,61.62909377,1
10/29/2015,4,0.34363115,0.064144579,27.4,44.51454689,61.62909377,1
10/29/2015,5,0.3645163,0.070301598,27.4,44.51454689,61.62909377,1
10/29/2015,6,0.4030735,0.08017298,27.4,44.51454689,61.62909377,1
10/29/2015,7,0.42074555,0.086160813,27.4,44.51454689,61.62909377,1
10/29/2015,8,0.4384176,0.092280033,27.4,44.51454689,61.62909377,1
10/29/2015,9,0.4705486,0.101642288,27.4,44.51454689,61.62909377,1
10/29/2015,10,0.5026796,0.11127001,27.4,44.51454689,61.62909377,1
10/29/2015,11,0.517941825,0.117327458,27.4,44.51454689,61.62909377,1
10/29/2015,12,0.53320405,0.12345138,27.4,44.51454689,61.62909377,1
10/29/2015,13,0.55569575,0.131337158,27.4,44.51454689,61.62909377,1
10/29/2015,14,0.5669416,0.136609538,27.4,44.51454689,61.62909377,1
10/29/2015,15,0.57818745,0.141839933,27.4,44.51454689,61.62909377,1
10/29/2015,16,0.572564525,0.14278066,27.4,44.51454689,61.62909377,1
10/29/2015,17,0.5669416,0.143467153,27.4,44.51454689,61.62909377,1
10/29/2015,18,0.5508761,0.141193275,27.4,44.51454689,61.62909377,1
10/29/2015,19,0.5348106,0.138545759,27.4,44.51454689,61.62909377,1
10/29/2015,20,0.5251713,0.137181159,27.4,44.51454689,61.62909377,1
10/29/2015,21,0.515532,0.130375783,27.4,44.51454689,61.62909377,1
10/29/2015,22,0.4994665,0.122001792,27.4,44.51454689,61.62909377,1
10/29/2015,23,0.4930403,0.115987068,27.4,44.51454689,61.62909377,1
10/29/2015,24,0.4866141,0.109865772,27.4,44.51454689,61.62909377,1
10/29/2015,25,0.48500755,0.104656134,27.4,44.51454689,61.62909377,1
10/29/2015,26,0.483401,0.09920796,27.4,44.51454689,61.62909377,1
10/29/2015,27,0.4801879,0.09321182,27.4,44.51454689,61.62909377,1
10/29/2015,28,0.4769748,0.087042055,27.4,44.51454689,61.62909377,2
10/29/2015,29,0.4769748,0.081296352,27.4,44.51454689,61.62909377,2
10/29/2015,30,0.4737617,0.074908356,27.4,44.51454689,61.62909377,2
10/29/2015,31,0.4737617,0.069013514,27.4,44.51454689,61.62909377,2
10/29/2015,32,0.4769748,0.063577821,27.4,44.51454689,61.62909377,2
10/29/2015,33,0.4801879,0.058179414,27.4,44.51454689,61.62909377,2
10/29/2015,34,0.4866141,0.053250946,27.4,44.51454689,61.62909377,2
10/29/2015,35,0.492237025,0.048360996,27.4,44.51454689,61.62909377,2
10/29/2015,36,0.4962534,0.043528622,27.4,44.51454689,61.62909377,2
10/29/2015,37,0.500269775,0.03897516,27.4,44.51454689,61.62909377,2
10/29/2015,38,0.501876325,0.034565854,27.4,44.51454689,61.62909377,2
10/29/2015,39,0.503482875,0.030524401,27.4,44.51454689,61.62909377,2
10/29/2015,40,0.508302525,0.027022442,27.4,44.51454689,61.62909377,2
10/29/2015,41,0.513122175,0.024190805,27.4,44.51454689,61.62909377,2
10/29/2015,42,0.517941825,0.021567339,27.4,44.51454689,61.62909377,2
10/29/2015,43,0.522761475,0.01915885,27.4,44.51454689,61.62909377,2
10/29/2015,44,0.533043395,0.017140738,27.4,44.51454689,61.62909377,2
10/29/2015,45,0.536256495,0.015088956,27.4,44.51454689,61.62909377,2
10/29/2015,46,0.536256495,0.013171861,27.4,44.51454689,61.62909377,2
10/29/2015,47,0.531436845,0.011371425,27.4,44.51454689,61.62909377,2
10/29/2015,48,0.526617195,0.00979861,27.4,44.51454689,61.62909377,2
10/29/2015,49,0.520190995,0.008403463,27.4,44.51454689,61.62909377,2
10/29/2015,50,0.513764795,0.007196065,27.4,44.51454689,61.62909377,2
10/29/2015,51,0.49850257,0.006046728,27.4,44.51454689,61.62909377,2
10/29/2015,52,0.490737578,0.005149669,27.4,44.51454689,61.62909377,2
10/29/2015,53,0.482972587,0.004380692,27.4,44.51454689,61.62909377,2
10/29/2015,54,0.475743112,0.003726892,27.4,44.51454689,61.62909377,2
10/29/2015,55,0.468513637,0.003167804,27.4,44.51454689,61.62909377,2
10/29/2015,56,0.452448137,0.002638833,27.4,44.51454689,61.62909377,2
10/29/2015,57,0.443612112,0.002230651,27.4,44.51454689,61.62909377,2
10/29/2015,58,0.434776087,0.001884017,27.4,44.51454689,61.62909377,2
10/29/2015,59,0.414051592,0.001545591,27.4,44.51454689,61.62909377,2
10/29/2015,60,0.400395917,0.001287068,27.4,44.51454689,61.62909377,2
10/29/2015,61,0.387543517,0.001095929,27.4,44.51454689,61.62909377,2
10/29/2015,62,0.382723867,0.000951136,27.4,44.51454689,61.62909377,2
10/29/2015,63,0.377904217,0.000824539,27.4,44.51454689,61.62909377,3
10/29/2015,64,0.371478017,0.000710953,27.4,44.51454689,61.62909377,3
10/29/2015,65,0.369068192,0.000619049,27.4,44.51454689,61.62909377,3
10/29/2015,66,0.366658367,0.000538575,27.4,44.51454689,61.62909377,3
10/29/2015,67,0.354877,0.000456148,27.4,44.51454689,61.62909377,3
10/29/2015,68,0.347647525,0.000390757,27.4,44.51454689,61.62909377,3
10/29/2015,69,0.34041805,0.000334375,27.4,44.51454689,61.62909377,3
10/29/2015,70,0.32435255,0.000278241,27.4,44.51454689,61.62909377,3
10/29/2015,71,0.317123075,0.000237444,27.4,44.51454689,61.62909377,3
10/29/2015,72,0.3098936,0.00020241,27.4,44.51454689,61.62909377,3
10/29/2015,73,0.294631375,0.000167786,27.4,44.51454689,61.62909377,3
10/29/2015,74,0.28258225,0.000140236,27.4,44.51454689,61.62909377,3
10/29/2015,75,0.27294295,0.000117983,27.4,44.51454689,61.62909377,3
10/29/2015,76,0.26972985,0.000101511,27.4,44.51454689,61.62909377,3
10/29/2015,77,0.26651675,8.73E-05,27.4,44.51454689,61.62909377,3
10/29/2015,78,0.26651675,7.59E-05,27.4,44.51454689,61.62909377,3
10/29/2015,79,0.26651675,6.60E-05,27.4,44.51454689,61.62909377,3
10/29/2015,80,0.26651675,0.00005739,27.4,44.51454689,61.62909377,3
10/29/2015,81,0.26651675,4.83E-05,27.4,44.51454689,61.62909377,3
10/29/2015,82,0.265713475,4.06E-05,27.4,44.51454689,61.62909377,3
10/29/2015,83,0.2649102,3.41E-05,27.4,44.51454689,61.62909377,3
10/29/2015,84,0.2616971,2.83E-05,27.4,44.51454689,61.62909377,3
10/29/2015,85,0.2616971,2.39E-05,27.4,44.51454689,61.62909377,3
10/29/2015,86,0.2616971,2.01E-05,27.4,44.51454689,61.62909377,3
10/29/2015,87,0.258484,1.67E-05,27.4,44.51454689,61.62909377,3
10/29/2015,88,0.2552709,0.000013861,27.4,44.51454689,61.62909377,3
10/29/2015,89,0.25366435,1.16E-05,27.4,44.51454689,61.62909377,3
10/29/2015,90,0.2520578,9.68E-06,27.4,44.51454689,61.62909377,3
10/29/2015,91,0.25045125,8.09E-06,27.4,44.51454689,61.62909377,3
10/29/2015,92,0.2488447,6.75E-06,27.4,44.51454689,61.62909377,3
10/29/2015,93,0.24723815,5.64E-06,27.4,44.51454689,61.62909377,3
10/29/2015,94,0.25045125,4.80E-06,27.4,44.51454689,61.62909377,3
10/29/2015,95,0.25045125,4.03E-06,27.4,44.51454689,61.62909377,3
10/29/2015,96,0.251254525,3.40E-06,27.4,44.51454689,61.62909377,3
10/29/2015,97,0.2520578,2.86E-06,27.4,44.51454689,61.62909377,3
10/29/2015,98,0.2552709,2.43E-06,27.4,44.51454689,61.62909377,3
10/29/2015,99,0.258484,2.07E-06,27.4,44.51454689,61.62909377,3
10/29/2015,100,,,27.4,44.51454689,61.62909377,3
12/11/2015,0,0.24595291,0.119967349,35,56.99250148,78.98500295,1
12/11/2015,1,0.24595291,0.119967349,35,56.99250148,78.98500295,1
12/11/2015,2,0.24595291,0.119967349,35,56.99250148,78.98500295,1
12/11/2015,3,0.24755946,0.117329873,35,56.99250148,78.98500295,1
12/11/2015,4,0.24916601,0.114624439,35,56.99250148,78.98500295,1
12/11/2015,5,0.249969285,0.111498172,35,56.99250148,78.98500295,1
12/11/2015,6,0.25077256,0.108338333,35,56.99250148,78.98500295,1
12/11/2015,7,0.251575835,0.105152223,35,56.99250148,78.98500295,1
12/11/2015,8,0.25237911,0.101947583,35,56.99250148,78.98500295,1
12/11/2015,9,0.254521177,0.09925425,35,56.99250148,78.98500295,1
12/11/2015,10,0.256663243,0.096520185,35,56.99250148,78.98500295,1
12/11/2015,11,0.25880531,0.093752084,35,56.99250148,78.98500295,1
12/11/2015,12,0.263089443,0.09170199,35,56.99250148,78.98500295,1
12/11/2015,13,0.267373577,0.089568994,35,56.99250148,78.98500295,1
12/11/2015,14,0.27165771,0.087356126,35,56.99250148,78.98500295,1
12/11/2015,15,0.28129701,0.086715743,35,56.99250148,78.98500295,1
12/11/2015,16,0.29093631,0.085856261,35,56.99250148,78.98500295,1
12/11/2015,17,0.301378885,0.085005668,35,56.99250148,78.98500295,1
12/11/2015,18,0.31182146,0.083917517,35,56.99250148,78.98500295,1
12/11/2015,19,0.32146076,0.082387005,35,56.99250148,78.98500295,1
12/11/2015,20,0.33110006,0.080641809,35,56.99250148,78.98500295,1
12/11/2015,21,0.34395246,0.086475285,35,56.99250148,78.98500295,1
12/11/2015,22,0.35680486,0.092284373,35,56.99250148,78.98500295,1
12/11/2015,23,0.387008,0.102579452,35,56.99250148,78.98500295,1
12/11/2015,24,0.397718333,0.107563022,35,56.99250148,78.98500295,1
12/11/2015,25,0.408428667,0.112139877,35,56.99250148,78.98500295,1
12/11/2015,26,0.419139,0.116153862,35,56.99250148,78.98500295,1
12/11/2015,27,0.4352045,0.120929936,35,56.99250148,78.98500295,1
12/11/2015,28,0.45127,0.124813626,35,56.99250148,78.98500295,1
12/11/2015,29,0.483401,0.13203452,35,56.99250148,78.98500295,1
12/11/2015,30,0.4994665,0.133611261,35,56.99250148,78.98500295,1
12/11/2015,31,0.515532,0.133929727,35,56.99250148,78.98500295,1
12/11/2015,32,0.5444499,0.136209255,35,56.99250148,78.98500295,1
12/11/2015,33,0.55890885,0.133552486,35,56.99250148,78.98500295,1
12/11/2015,34,0.5733678,0.129836015,35,56.99250148,78.98500295,1
12/11/2015,35,0.6022857,0.128292614,35,56.99250148,78.98500295,1
12/11/2015,36,0.6279905,0.124968774,35,56.99250148,78.98500295,2
12/11/2015,37,0.636826525,0.117644356,35,56.99250148,78.98500295,2
12/11/2015,38,0.64566255,0.11009123,35,56.99250148,78.98500295,2
12/11/2015,39,0.65530185,0.102593563,35,56.99250148,78.98500295,2
12/11/2015,40,0.65851495,0.094219049,35,56.99250148,78.98500295,2
12/11/2015,41,0.65208875,0.08376057,35,56.99250148,78.98500295,2
12/11/2015,42,0.64244945,0.073920509,35,56.99250148,78.98500295,2
12/11/2015,43,0.62638395,0.064428534,35,56.99250148,78.98500295,2
12/11/2015,44,0.61031845,0.056014935,35,56.99250148,78.98500295,2
12/11/2015,45,0.58461365,0.047796679,35,56.99250148,78.98500295,2
12/11/2015,46,0.569351425,0.041402848,35,56.99250148,78.98500295,2
12/11/2015,47,0.5540892,0.035789235,35,56.99250148,78.98500295,2
12/11/2015,48,0.5219582,0.029908199,35,56.99250148,78.98500295,2
12/11/2015,49,0.506695975,0.025727323,35,56.99250148,78.98500295,2
12/11/2015,50,0.49143375,0.022088326,35,56.99250148,78.98500295,2
12/11/2015,51,0.46251585,0.018385523,35,56.99250148,78.98500295,2
12/11/2015,52,0.43681105,0.015343846,35,56.99250148,78.98500295,2
12/11/2015,53,0.4287783,0.013299625,35,56.99250148,78.98500295,2
12/11/2015,54,0.42074555,0.011515916,35,56.99250148,78.98500295,2
12/11/2015,55,0.4159259,0.010039271,35,56.99250148,78.98500295,2
12/11/2015,56,0.41110625,0.008745973,35,56.99250148,78.98500295,2
12/11/2015,57,0.40468005,0.007584332,35,56.99250148,78.98500295,2
12/11/2015,58,0.39825385,0.006572362,35,56.99250148,78.98500295,2
12/11/2015,59,0.39504075,0.005738289,35,56.99250148,78.98500295,2
12/11/2015,60,0.39182765,0.005007886,35,56.99250148,78.98500295,2
12/11/2015,61,0.3934342,0.004454753,35,56.99250148,78.98500295,2
12/11/2015,62,0.3934342,0.003944858,35,56.99250148,78.98500295,2
12/11/2015,63,0.3934342,0.003491941,35,56.99250148,78.98500295,2
12/11/2015,64,0.3966473,0.003115113,35,56.99250148,78.98500295,2
12/11/2015,65,0.4062866,0.002822443,35,56.99250148,78.98500295,2
12/11/2015,66,0.41110625,0.00252539,35,56.99250148,78.98500295,2
12/11/2015,67,0.4159259,0.002258598,35,56.99250148,78.98500295,2
12/11/2015,68,0.4159259,0.001996007,35,56.99250148,78.98500295,2
12/11/2015,69,0.4094997,0.001736219,35,56.99250148,78.98500295,2
12/11/2015,70,0.4062866,0.001521516,35,56.99250148,78.98500295,2
12/11/2015,71,0.4030735,0.001332956,35,56.99250148,78.98500295,2
12/11/2015,72,0.39825385,0.00116273,35,56.99250148,78.98500295,2
12/11/2015,73,0.3934342,0.001013872,35,56.99250148,78.98500295,2
12/11/2015,74,0.3837949,0.000872794,35,56.99250148,78.98500295,2
12/11/2015,75,0.3773687,0.000757171,35,56.99250148,78.98500295,2
12/11/2015,76,0.3709425,0.000656551,35,56.99250148,78.98500295,2
12/11/2015,77,0.3645163,0.000569028,35,56.99250148,78.98500295,2
12/11/2015,78,0.3580901,0.000492934,35,56.99250148,78.98500295,2
12/11/2015,79,0.3388115,0.000411209,35,56.99250148,78.98500295,2
12/11/2015,80,0.3163198,0.00033843,35,56.99250148,78.98500295,3
12/11/2015,81,0.2938281,0.000270603,35,56.99250148,78.98500295,3
12/11/2015,82,0.2809757,0.000222661,35,56.99250148,78.98500295,3
12/11/2015,83,0.2713364,0.000184961,35,56.99250148,78.98500295,3
12/11/2015,84,0.2616971,0.000153405,35,56.99250148,78.98500295,3
12/11/2015,85,0.258484,0.000130263,35,56.99250148,78.98500295,3
12/11/2015,86,0.25366435,0.000109871,35,56.99250148,78.98500295,3
12/11/2015,87,0.2520578,9.38E-05,35,56.99250148,78.98500295,3
12/11/2015,88,0.25045125,8.01E-05,35,56.99250148,78.98500295,3
12/11/2015,89,0.24402505,6.70E-05,35,56.99250148,78.98500295,3
12/11/2015,90,0.24081195,5.68E-05,35,56.99250148,78.98500295,3
12/11/2015,91,0.240008675,0.000048572,35,56.99250148,78.98500295,3
12/11/2015,92,0.2392054,4.15E-05,35,56.99250148,78.98500295,3
12/11/2015,93,0.2392054,3.56E-05,35,56.99250148,78.98500295,3
12/11/2015,94,0.2392054,3.06E-05,35,56.99250148,78.98500295,3
12/11/2015,95,0.243489533,2.67E-05,35,56.99250148,78.98500295,3
12/11/2015,96,0.246702633,2.32E-05,35,56.99250148,78.98500295,3
12/11/2015,97,0.249915733,0.000020123,35,56.99250148,78.98500295,3
12/11/2015,98,0.249915733,1.72E-05,35,56.99250148,78.98500295,3
12/11/2015,99,0.254735383,1.51E-05,35,56.99250148,78.98500295,3
12/11/2015,100,,,35,56.99250148,78.98500295,3
1/7/2016,0,0.25880531,0.038610284,26.5,53.68673046,80.87346091,1
1/7/2016,1,0.25880531,0.038610284,26.5,53.68673046,80.87346091,1
1/7/2016,2,0.25880531,0.038610284,26.5,53.68673046,80.87346091,1
1/7/2016,3,0.26523151,0.040254657,26.5,53.68673046,80.87346091,1
1/7/2016,4,0.27165771,0.041922804,26.5,53.68673046,80.87346091,1
1/7/2016,5,0.28611666,0.044870937,26.5,53.68673046,80.87346091,1
1/7/2016,6,0.30218216,0.048130911,26.5,53.68673046,80.87346091,1
1/7/2016,7,0.31503456,0.050930101,26.5,53.68673046,80.87346091,1
1/7/2016,8,0.33110006,0.054294894,26.5,53.68673046,80.87346091,1
1/7/2016,9,0.35037866,0.058242989,26.5,53.68673046,80.87346091,1
1/7/2016,10,0.3677294,0.061925375,26.5,53.68673046,80.87346091,1
1/7/2016,11,0.3773687,0.06433923,26.5,53.68673046,80.87346091,1
1/7/2016,12,0.387008,0.066764038,26.5,53.68673046,80.87346091,1
1/7/2016,13,0.3966473,0.06919729,26.5,53.68673046,80.87346091,1
1/7/2016,14,0.4030735,0.071069743,26.5,53.68673046,80.87346091,1
1/7/2016,15,0.4094997,0.072933644,26.5,53.68673046,80.87346091,1
1/7/2016,16,0.414854867,0.0745945,26.5,53.68673046,80.87346091,1
1/7/2016,17,0.420210033,0.076239891,26.5,53.68673046,80.87346091,1
1/7/2016,18,0.4255652,0.077869086,26.5,53.68673046,80.87346091,1
1/7/2016,19,0.4384176,0.080864665,26.5,53.68673046,80.87346091,1
1/7/2016,20,0.44645035,0.082968921,26.5,53.68673046,80.87346091,1
1/7/2016,21,0.4544831,0.083134093,26.5,53.68673046,80.87346091,1
1/7/2016,22,0.46251585,0.08324789,26.5,53.68673046,80.87346091,1
1/7/2016,23,0.4705486,0.083310162,26.5,53.68673046,80.87346091,1
1/7/2016,24,0.483401,0.084158884,26.5,53.68673046,80.87346091,1
1/7/2016,25,0.48822065,0.083549614,26.5,53.68673046,80.87346091,1
1/7/2016,26,0.4930403,0.082901657,26.5,53.68673046,80.87346091,1
1/7/2016,27,0.4994665,0.082476651,26.5,53.68673046,80.87346091,1
1/7/2016,28,0.500537533,0.081127216,26.5,53.68673046,80.87346091,2
1/7/2016,29,0.501608567,0.079749226,26.5,53.68673046,80.87346091,2
1/7/2016,30,0.5026796,0.078337467,26.5,53.68673046,80.87346091,2
1/7/2016,31,0.5058927,0.077212806,26.5,53.68673046,80.87346091,2
1/7/2016,32,0.5058927,0.07554722,26.5,53.68673046,80.87346091,2
1/7/2016,33,0.5058927,0.073833253,26.5,53.68673046,80.87346091,2
1/7/2016,34,0.5026796,0.071603793,26.5,53.68673046,80.87346091,2
1/7/2016,35,0.4994665,0.069329478,26.5,53.68673046,80.87346091,2
1/7/2016,36,0.4962534,0.067000977,26.5,53.68673046,80.87346091,2
1/7/2016,37,0.489023925,0.064083383,26.5,53.68673046,80.87346091,2
1/7/2016,38,0.48179445,0.061129701,26.5,53.68673046,80.87346091,2
1/7/2016,39,0.47536825,0.058236973,26.5,53.68673046,80.87346091,2
1/7/2016,40,0.46894205,0.055301992,26.5,53.68673046,80.87346091,2
1/7/2016,41,0.45608965,0.051077343,26.5,53.68673046,80.87346091,2
1/7/2016,42,0.44966345,0.04763279,26.5,53.68673046,80.87346091,2
1/7/2016,43,0.44323725,0.044228561,26.5,53.68673046,80.87346091,2
1/7/2016,44,0.442166217,0.04138646,26.5,53.68673046,80.87346091,2
1/7/2016,45,0.442166217,0.038654408,26.5,53.68673046,80.87346091,2
1/7/2016,46,0.442166217,0.035948079,26.5,53.68673046,80.87346091,2
1/7/2016,47,0.440559667,0.033168885,26.5,53.68673046,80.87346091,2
1/7/2016,48,0.437346567,0.030366134,26.5,53.68673046,80.87346091,2
1/7/2016,49,0.434133467,0.027687508,26.5,53.68673046,80.87346091,2
1/7/2016,50,0.437346567,0.02552182,26.5,53.68673046,80.87346091,2
1/7/2016,51,0.451805517,0.024036376,26.5,53.68673046,80.87346091,2
1/7/2016,52,0.466799983,0.022561564,26.5,53.68673046,80.87346091,2
1/7/2016,53,0.478045833,0.020922053,26.5,53.68673046,80.87346091,2
1/7/2016,54,0.495717883,0.019585203,26.5,53.68673046,80.87346091,2
1/7/2016,55,0.506428217,0.018010192,26.5,53.68673046,80.87346091,2
1/7/2016,56,0.514996483,0.01644158,26.5,53.68673046,80.87346091,2
1/7/2016,57,0.524635783,0.014998514,26.5,53.68673046,80.87346091,2
1/7/2016,58,0.531061983,0.013563605,26.5,53.68673046,80.87346091,2
1/7/2016,59,0.537488183,0.012237671,26.5,53.68673046,80.87346091,2
1/7/2016,60,0.547127483,0.011082702,26.5,53.68673046,80.87346091,2
1/7/2016,61,0.553553683,0.010451245,26.5,53.68673046,80.87346091,2
1/7/2016,62,0.55248265,0.009676058,26.5,53.68673046,80.87346091,2
1/7/2016,63,0.548734033,0.008879412,26.5,53.68673046,80.87346091,2
1/7/2016,64,0.551143858,0.008212594,26.5,53.68673046,80.87346091,2
1/7/2016,65,0.544717658,0.007453426,26.5,53.68673046,80.87346091,2
1/7/2016,66,0.531865258,0.00666675,26.5,53.68673046,80.87346091,2
1/7/2016,67,0.520083892,0.005959676,26.5,53.68673046,80.87346091,2
1/7/2016,68,0.508838042,0.005321052,26.5,53.68673046,80.87346091,2
1/7/2016,69,0.490630475,0.004674934,26.5,53.68673046,80.87346091,2
1/7/2016,70,0.468138775,0.004058991,26.5,53.68673046,80.87346091,2
1/7/2016,71,0.442433975,0.003486627,26.5,53.68673046,80.87346091,2
1/7/2016,72,0.416193658,0.002977951,26.5,53.68673046,80.87346091,2
1/7/2016,73,0.4062866,0.002637072,26.5,53.68673046,80.87346091,2
1/7/2016,74,0.396379542,0.002331922,26.5,53.68673046,80.87346091,2
1/7/2016,75,0.376297667,0.002005075,26.5,53.68673046,80.87346091,2
1/7/2016,76,0.368264917,0.001776113,26.5,53.68673046,80.87346091,2
1/7/2016,77,0.360232167,0.001571615,26.5,53.68673046,80.87346091,2
1/7/2016,78,0.350592867,0.001382887,26.5,53.68673046,80.87346091,2
1/7/2016,79,0.340953567,0.001215304,26.5,53.68673046,80.87346091,2
1/7/2016,80,0.333456333,0.001073593,26.5,53.68673046,80.87346091,2
1/7/2016,81,0.327699529,0.00093485,26.5,53.68673046,80.87346091,2
1/7/2016,82,0.321942725,0.000813654,26.5,53.68673046,80.87346091,3
1/7/2016,83,0.320871692,0.000718331,26.5,53.68673046,80.87346091,3
1/7/2016,84,0.319800658,0.000634088,26.5,53.68673046,80.87346091,3
1/7/2016,85,0.321407208,0.000564354,26.5,53.68673046,80.87346091,3
1/7/2016,86,0.323013758,0.000502225,26.5,53.68673046,80.87346091,3
1/7/2016,87,0.320871692,0.000441722,26.5,53.68673046,80.87346091,3
1/7/2016,88,0.317658592,0.000387153,26.5,53.68673046,80.87346091,3
1/7/2016,89,0.315784283,0.000340709,26.5,53.68673046,80.87346091,3
1/7/2016,90,0.313909975,0.000299805,26.5,53.68673046,80.87346091,3
1/7/2016,91,0.304270675,0.000257222,26.5,53.68673046,80.87346091,3
1/7/2016,92,0.301057575,0.000225261,26.5,53.68673046,80.87346091,3
1/7/2016,93,0.297844475,0.000197238,26.5,53.68673046,80.87346091,3
1/7/2016,94,0.292489308,0.000171418,26.5,53.68673046,80.87346091,3
1/7/2016,95,0.293292583,0.000152115,26.5,53.68673046,80.87346091,3
1/7/2016,96,0.294095858,0.000134979,26.5,53.68673046,80.87346091,3
1/7/2016,97,0.291418275,0.000118354,26.5,53.68673046,80.87346091,3
1/7/2016,98,0.290615,0.000104438,26.5,53.68673046,80.87346091,3
1/7/2016,99,0.289811725,9.22E-05,26.5,53.68673046,80.87346091,3
1/7/2016,100,0.289811725,8.15E-05,26.5,53.68673046,80.87346091,3
2/3/2016,0,0.260331533,0.051854502,28,47.16504541,66.33009082,1
2/3/2016,1,0.260331533,0.051854502,28,47.16504541,66.33009082,1
2/3/2016,2,0.286036333,0.05701316,28,47.16504541,66.33009082,1
2/3/2016,3,0.319773883,0.063748819,28,47.16504541,66.33009082,1
2/3/2016,4,0.358331083,0.071400168,28,47.16504541,66.33009082,1
2/3/2016,5,0.378412958,0.07530278,28,47.16504541,66.33009082,1
2/3/2016,6,0.398494833,0.079120982,28,47.16504541,66.33009082,1
2/3/2016,7,0.443478233,0.087766921,28,47.16504541,66.33009082,1
2/3/2016,8,0.488461633,0.09625951,28,47.16504541,66.33009082,1
2/3/2016,9,0.534248308,0.104737649,28,47.16504541,66.33009082,1
2/3/2016,10,0.58204317,0.113423249,28,47.16504541,66.33009082,1
2/3/2016,11,0.6344167,0.122803586,28,47.16504541,66.33009082,1
2/3/2016,12,0.66172805,0.127165883,28,47.16504541,66.33009082,1
2/3/2016,13,0.69064595,0.131710106,28,47.16504541,66.33009082,1
2/3/2016,14,0.70671145,0.133699944,28,47.16504541,66.33009082,1
2/3/2016,15,0.71313765,0.133799244,28,47.16504541,66.33009082,1
2/3/2016,16,0.70992455,0.13205025,28,47.16504541,66.33009082,1
2/3/2016,17,0.70349835,0.129676294,28,47.16504541,66.33009082,1
2/3/2016,18,0.69707215,0.127267924,28,47.16504541,66.33009082,1
2/3/2016,19,0.67779355,0.122487145,28,47.16504541,66.33009082,1
2/3/2016,20,0.65851495,0.117691018,28,47.16504541,66.33009082,1
2/3/2016,21,0.63602325,0.111327398,28,47.16504541,66.33009082,1
2/3/2016,22,0.622367575,0.106598627,28,47.16504541,66.33009082,1
2/3/2016,23,0.6087119,0.101921188,28,47.16504541,66.33009082,1
2/3/2016,24,0.579794,0.094794956,28,47.16504541,66.33009082,1
2/3/2016,25,0.547663,0.087320754,28,47.16504541,66.33009082,1
2/3/2016,26,0.5251713,0.081532905,28,47.16504541,66.33009082,1
2/3/2016,27,0.5058927,0.076335905,28,47.16504541,66.33009082,1
2/3/2016,28,0.49143375,0.071917088,28,47.16504541,66.33009082,1
2/3/2016,29,0.48179445,0.068203417,28,47.16504541,66.33009082,2
2/3/2016,30,0.47536825,0.06489889,28,47.16504541,66.33009082,2
2/3/2016,31,0.4641224,0.060895747,28,47.16504541,66.33009082,2
2/3/2016,32,0.4576962,0.057487055,28,47.16504541,66.33009082,2
2/3/2016,33,0.4544831,0.054408465,28,47.16504541,66.33009082,2
2/3/2016,34,0.45608965,0.051800024,28,47.16504541,66.33009082,2
2/3/2016,35,0.46572895,0.049936023,28,47.16504541,66.33009082,2
2/3/2016,36,0.46894205,0.047228731,28,47.16504541,66.33009082,2
2/3/2016,37,0.471552694,0.044381766,28,47.16504541,66.33009082,2
2/3/2016,38,0.474163338,0.041493753,28,47.16504541,66.33009082,2
2/3/2016,39,0.477376438,0.038648572,28,47.16504541,66.33009082,2
2/3/2016,40,0.475769888,0.035464574,28,47.16504541,66.33009082,2
2/3/2016,41,0.472556788,0.032614995,28,47.16504541,66.33009082,2
2/3/2016,42,0.470950238,0.029859929,28,47.16504541,66.33009082,2
2/3/2016,43,0.467737138,0.027050704,28,47.16504541,66.33009082,2
2/3/2016,44,0.467737138,0.024517763,28,47.16504541,66.33009082,2
2/3/2016,45,0.466130588,0.02202126,28,47.16504541,66.33009082,2
2/3/2016,46,0.456491288,0.01934058,28,47.16504541,66.33009082,2
2/3/2016,47,0.448458538,0.016965932,28,47.16504541,66.33009082,2
2/3/2016,48,0.4416307,0.014862504,28,47.16504541,66.33009082,2
2/3/2016,49,0.4416307,0.01317786,28,47.16504541,66.33009082,2
2/3/2016,50,0.43938153,0.011591708,28,47.16504541,66.33009082,2
2/3/2016,51,0.43938153,0.010223572,28,47.16504541,66.33009082,2
2/3/2016,52,0.44259463,0.009063669,28,47.16504541,66.33009082,2
2/3/2016,53,0.44259463,0.007962516,28,47.16504541,66.33009082,2
2/3/2016,54,0.43938153,0.006933486,28,47.16504541,66.33009082,2
2/3/2016,55,0.43616843,0.006028985,28,47.16504541,66.33009082,2
2/3/2016,56,0.43616843,0.005274979,28,47.16504541,66.33009082,2
2/3/2016,57,0.43616843,0.004610669,28,47.16504541,66.33009082,2
2/3/2016,58,0.42974223,0.003967236,28,47.16504541,66.33009082,2
2/3/2016,59,0.41367673,0.003332654,28,47.16504541,66.33009082,2
2/3/2016,60,0.40789315,0.002865812,28,47.16504541,66.33009082,2
2/3/2016,61,0.402537983,0.002491601,28,47.16504541,66.33009082,2
2/3/2016,62,0.396111783,0.002158402,28,47.16504541,66.33009082,2
2/3/2016,63,0.392898683,0.001883417,28,47.16504541,66.33009082,2
2/3/2016,64,0.389685583,0.001642367,28,47.16504541,66.33009082,2
2/3/2016,65,0.386472483,0.001431295,28,47.16504541,66.33009082,2
2/3/2016,66,0.384865933,0.001251877,28,47.16504541,66.33009082,2
2/3/2016,67,0.383259383,0.001094442,28,47.16504541,66.33009082,3
2/3/2016,68,0.376833183,0.000944321,28,47.16504541,66.33009082,3
2/3/2016,69,0.374423358,0.000823077,28,47.16504541,66.33009082,3
2/3/2016,70,0.372013533,0.000717122,28,47.16504541,66.33009082,3
2/3/2016,71,0.368800433,0.000623222,28,47.16504541,66.33009082,3
2/3/2016,72,0.362374233,0.000536656,28,47.16504541,66.33009082,3
2/3/2016,73,0.354877,0.000460449,28,47.16504541,66.33009082,3
2/3/2016,74,0.3484508,0.000396,28,47.16504541,66.33009082,3
2/3/2016,75,0.3420246,0.000340372,28,47.16504541,66.33009082,3
2/3/2016,76,0.3355984,0.000292386,28,47.16504541,66.33009082,3
2/3/2016,77,0.3323853,0.000253468,28,47.16504541,66.33009082,3
2/3/2016,78,0.3259591,0.000217518,28,47.16504541,66.33009082,3
2/3/2016,79,0.322746,0.000188433,28,47.16504541,66.33009082,3
2/3/2016,80,0.322746,0.00016483,28,47.16504541,66.33009082,3
2/3/2016,81,0.322746,0.000139598,28,47.16504541,66.33009082,3
2/3/2016,82,0.32113945,0.000117593,28,47.16504541,66.33009082,3
2/3/2016,83,0.31792635,9.85E-05,28,47.16504541,66.33009082,3
2/3/2016,84,0.3163198,8.29E-05,28,47.16504541,66.33009082,3
2/3/2016,85,0.31471325,6.97E-05,28,47.16504541,66.33009082,3
2/3/2016,86,0.31471325,5.89E-05,28,47.16504541,66.33009082,3
2/3/2016,87,0.31792635,5.03E-05,28,47.16504541,66.33009082,3
2/3/2016,88,0.31792635,4.25E-05,28,47.16504541,66.33009082,3
2/3/2016,89,0.31471325,3.55E-05,28,47.16504541,66.33009082,3
2/3/2016,90,0.311098513,2.96E-05,28,47.16504541,66.33009082,3
2/3/2016,91,0.307483775,2.46E-05,28,47.16504541,66.33009082,3
2/3/2016,92,0.294631375,1.99E-05,28,47.16504541,66.33009082,3
2/3/2016,93,0.289811725,1.65E-05,28,47.16504541,66.33009082,3
2/3/2016,94,0.284992075,1.36E-05,28,47.16504541,66.33009082,3
2/3/2016,95,0.273746225,1.10E-05,28,47.16504541,66.33009082,3
2/3/2016,96,0.267320025,9.02E-06,28,47.16504541,66.33009082,3
2/3/2016,97,0.257680725,7.30E-06,28,47.16504541,66.33009082,3
2/3/2016,98,0.241615225,5.74E-06,28,47.16504541,66.33009082,3
2/3/2016,99,0.228762825,4.56E-06,28,47.16504541,66.33009082,3
2/3/2016,100,0.219123525,3.66E-06,28,47.16504541,66.33009082,3
3/2/2016,0,0.2102875,0.051780882,24.1,51.54620358,78.99240715,1
3/2/2016,1,0.2102875,0.051780882,24.1,51.54620358,78.99240715,1
3/2/2016,2,0.2102875,0.052544598,24.1,51.54620358,78.99240715,1
3/2/2016,3,0.2070744,0.05247479,24.1,51.54620358,78.99240715,1
3/2/2016,4,0.2070744,0.053182566,24.1,51.54620358,78.99240715,1
3/2/2016,5,0.2102875,0.05469456,24.1,51.54620358,78.99240715,1
3/2/2016,6,0.214036117,0.056330364,24.1,51.54620358,78.99240715,1
3/2/2016,7,0.217784733,0.05794608,24.1,51.54620358,78.99240715,1
3/2/2016,8,0.230637133,0.061983572,24.1,51.54620358,78.99240715,1
3/2/2016,9,0.240276433,0.06516688,24.1,51.54620358,78.99240715,1
3/2/2016,10,0.247773667,0.067760844,24.1,51.54620358,78.99240715,1
3/2/2016,11,0.253396592,0.069824112,24.1,51.54620358,78.99240715,1
3/2/2016,12,0.259019517,0.071867662,24.1,51.54620358,78.99240715,1
3/2/2016,13,0.273478467,0.07636312,24.1,51.54620358,78.99240715,1
3/2/2016,14,0.292757067,0.082231911,24.1,51.54620358,78.99240715,1
3/2/2016,15,0.315248767,0.089047257,24.1,51.54620358,78.99240715,1
3/2/2016,16,0.329707717,0.093634639,24.1,51.54620358,78.99240715,1
3/2/2016,17,0.344166667,0.098256147,24.1,51.54620358,78.99240715,1
3/2/2016,18,0.365051817,0.104760815,24.1,51.54620358,78.99240715,1
3/2/2016,19,0.37254905,0.107464482,24.1,51.54620358,78.99240715,1
3/2/2016,20,0.380046283,0.110188918,24.1,51.54620358,78.99240715,1
3/2/2016,21,0.396111783,0.111412121,24.1,51.54620358,78.99240715,1
3/2/2016,22,0.412177283,0.112388754,24.1,51.54620358,78.99240715,1
3/2/2016,23,0.43038485,0.113685935,24.1,51.54620358,78.99240715,1
3/2/2016,24,0.4416307,0.112922492,24.1,51.54620358,78.99240715,1
3/2/2016,25,0.4480569,0.110804625,24.1,51.54620358,78.99240715,2
3/2/2016,26,0.448592417,0.107196866,24.1,51.54620358,78.99240715,2
3/2/2016,27,0.449127933,0.103603832,24.1,51.54620358,78.99240715,2
3/2/2016,28,0.455554133,0.101334695,24.1,51.54620358,78.99240715,2
3/2/2016,29,0.458767233,0.098293523,24.1,51.54620358,78.99240715,2
3/2/2016,30,0.473226183,0.097539571,24.1,51.54620358,78.99240715,2
3/2/2016,31,0.483936517,0.095831107,24.1,51.54620358,78.99240715,2
3/2/2016,32,0.49464685,0.093973332,24.1,51.54620358,78.99240715,2
3/2/2016,33,0.50749925,0.092358541,24.1,51.54620358,78.99240715,2
3/2/2016,34,0.52035165,0.090565772,24.1,51.54620358,78.99240715,2
3/2/2016,35,0.5508761,0.09153512,24.1,51.54620358,78.99240715,2
3/2/2016,36,0.579794,0.091803289,24.1,51.54620358,78.99240715,2
3/2/2016,37,0.611925,0.0921413,24.1,51.54620358,78.99240715,2
3/2/2016,38,0.64244945,0.091794656,24.1,51.54620358,78.99240715,2
3/2/2016,39,0.670296317,0.090664976,24.1,51.54620358,78.99240715,2
3/2/2016,40,0.677258033,0.086497636,24.1,51.54620358,78.99240715,2
3/2/2016,41,0.68421975,0.087818562,24.1,51.54620358,78.99240715,2
3/2/2016,42,0.68743285,0.0884252,24.1,51.54620358,78.99240715,2
3/2/2016,43,0.678864583,0.087233803,24.1,51.54620358,78.99240715,2
3/2/2016,44,0.667083217,0.08530954,24.1,51.54620358,78.99240715,2
3/2/2016,45,0.644591517,0.081681869,24.1,51.54620358,78.99240715,2
3/2/2016,46,0.617280167,0.077127656,24.1,51.54620358,78.99240715,2
3/2/2016,47,0.585149167,0.071701493,24.1,51.54620358,78.99240715,2
3/2/2016,48,0.551411617,0.065878961,24.1,51.54620358,78.99240715,2
3/2/2016,49,0.516067517,0.05975099,24.1,51.54620358,78.99240715,2
3/2/2016,50,0.487149617,0.054321127,24.1,51.54620358,78.99240715,2
3/2/2016,51,0.463586883,0.049476979,24.1,51.54620358,78.99240715,2
3/2/2016,52,0.448592417,0.045544402,24.1,51.54620358,78.99240715,2
3/2/2016,53,0.431455883,0.041425198,24.1,51.54620358,78.99240715,2
3/2/2016,54,0.415390383,0.037504553,24.1,51.54620358,78.99240715,2
3/2/2016,55,0.399324883,0.033724834,24.1,51.54620358,78.99240715,2
3/2/2016,56,0.386472483,0.030380192,24.1,51.54620358,78.99240715,2
3/2/2016,57,0.373620083,0.027212352,24.1,51.54620358,78.99240715,2
3/2/2016,58,0.359161133,0.02413618,24.1,51.54620358,78.99240715,2
3/2/2016,59,0.352734933,0.021787695,24.1,51.54620358,78.99240715,2
3/2/2016,60,0.343095633,0.019411387,24.1,51.54620358,78.99240715,2
3/2/2016,61,0.339882533,0.017661868,24.1,51.54620358,78.99240715,2
3/2/2016,62,0.3323853,0.015836155,24.1,51.54620358,78.99240715,2
3/2/2016,63,0.3291722,0.014355658,24.1,51.54620358,78.99240715,2
3/2/2016,64,0.32435255,0.012928738,24.1,51.54620358,78.99240715,2
3/2/2016,65,0.323281517,0.011761344,24.1,51.54620358,78.99240715,2
3/2/2016,66,0.322210483,0.010685623,24.1,51.54620358,78.99240715,2
3/2/2016,67,0.322210483,0.00972917,24.1,51.54620358,78.99240715,2
3/2/2016,68,0.327030133,0.008981185,24.1,51.54620358,78.99240715,2
3/2/2016,69,0.338275983,0.008441105,24.1,51.54620358,78.99240715,2
3/2/2016,70,0.344702183,0.007808416,24.1,51.54620358,78.99240715,2
3/2/2016,71,0.347915283,0.00714866,24.1,51.54620358,78.99240715,2
3/2/2016,72,0.351128383,0.00653915,24.1,51.54620358,78.99240715,2
3/2/2016,73,0.356751308,0.006017624,24.1,51.54620358,78.99240715,2
3/2/2016,74,0.356751308,0.005446966,24.1,51.54620358,78.99240715,2
3/2/2016,75,0.358357858,0.004949767,24.1,51.54620358,78.99240715,2
3/2/2016,76,0.359428892,0.004488797,24.1,51.54620358,78.99240715,2
3/2/2016,77,0.357822342,0.004038534,24.1,51.54620358,78.99240715,2
3/2/2016,78,0.356215792,0.003631758,24.1,51.54620358,78.99240715,2
3/2/2016,79,0.357822342,0.003294147,24.1,51.54620358,78.99240715,2
3/2/2016,80,0.359428892,0.002986755,24.1,51.54620358,78.99240715,3
3/2/2016,81,0.357822342,0.002690685,24.1,51.54620358,78.99240715,3
3/2/2016,82,0.354609242,0.002411369,24.1,51.54620358,78.99240715,3
3/2/2016,83,0.349789592,0.002149765,24.1,51.54620358,78.99240715,3
3/2/2016,84,0.350592867,0.001946461,24.1,51.54620358,78.99240715,3
3/2/2016,85,0.350592867,0.001757605,24.1,51.54620358,78.99240715,3
3/2/2016,86,0.3452377,0.001562261,24.1,51.54620358,78.99240715,3
3/2/2016,87,0.339882533,0.001387853,24.1,51.54620358,78.99240715,3
3/2/2016,88,0.336669433,0.001240156,24.1,51.54620358,78.99240715,3
3/2/2016,89,0.328101167,0.001090013,24.1,51.54620358,78.99240715,3
3/2/2016,90,0.312035667,0.000934728,24.1,51.54620358,78.99240715,3
3/2/2016,91,0.296773442,0.000801454,24.1,51.54620358,78.99240715,3
3/2/2016,92,0.287134142,0.000698933,24.1,51.54620358,78.99240715,3
3/2/2016,93,0.279101392,0.000612268,24.1,51.54620358,78.99240715,3
3/2/2016,94,0.264642442,0.000523126,24.1,51.54620358,78.99240715,3
3/2/2016,95,0.251790042,0.000448433,24.1,51.54620358,78.99240715,3
3/2/2016,96,0.245363842,0.000393668,24.1,51.54620358,78.99240715,3
3/2/2016,97,0.246167117,0.000355764,24.1,51.54620358,78.99240715,3
3/2/2016,98,0.244560567,0.000318338,24.1,51.54620358,78.99240715,3
3/2/2016,99,0.242954017,0.00028481,24.1,51.54620358,78.99240715,3
3/2/2016,100,0.241079708,0.000254497,24.1,51.54620358,78.99240715,3
3/31/2016,0,0.257627173,0.035894719,22.1,47.29135076,72.48270152,1
3/31/2016,1,0.257627173,0.035894719,22.1,47.29135076,72.48270152,1
3/31/2016,2,0.252004248,0.035982999,22.1,47.29135076,72.48270152,1
3/31/2016,3,0.266998715,0.039028797,22.1,47.29135076,72.48270152,1
3/31/2016,4,0.284670765,0.042547513,22.1,47.29135076,72.48270152,1
3/31/2016,5,0.300736265,0.045896661,22.1,47.29135076,72.48270152,1
3/31/2016,6,0.309090325,0.048095749,22.1,47.29135076,72.48270152,1
3/31/2016,7,0.317123075,0.05023497,22.1,47.29135076,72.48270152,1
3/31/2016,8,0.31471325,0.05067202,22.1,47.29135076,72.48270152,1
3/31/2016,9,0.322746,0.052737106,22.1,47.29135076,72.48270152,1
3/31/2016,10,0.34363115,0.056900373,22.1,47.29135076,72.48270152,1
3/31/2016,11,0.3452377,0.057854977,22.1,47.29135076,72.48270152,1
3/31/2016,12,0.3645163,0.061754231,22.1,47.29135076,72.48270152,1
3/31/2016,13,0.3613032,0.061828438,22.1,47.29135076,72.48270152,1
3/31/2016,14,0.3516639,0.060752903,22.1,47.29135076,72.48270152,1
3/31/2016,15,0.354877,0.061873033,22.1,47.29135076,72.48270152,1
3/31/2016,16,0.3709425,0.065260829,22.1,47.29135076,72.48270152,1
3/31/2016,17,0.37576215,0.066703697,22.1,47.29135076,72.48270152,1
3/31/2016,18,0.387008,0.069308714,22.1,47.29135076,72.48270152,1
3/31/2016,19,0.39504075,0.071349888,22.1,47.29135076,72.48270152,1
3/31/2016,20,0.3805818,0.069278843,22.1,47.29135076,72.48270152,1
3/31/2016,21,0.39182765,0.070580527,22.1,47.29135076,72.48270152,1
3/31/2016,22,0.387008,0.068909307,22.1,47.29135076,72.48270152,1
3/31/2016,23,0.3837949,0.0674493,22.1,47.29135076,72.48270152,2
3/31/2016,24,0.4030735,0.069780051,22.1,47.29135076,72.48270152,2
3/31/2016,25,0.40146695,0.068291724,22.1,47.29135076,72.48270152,2
3/31/2016,26,0.3966473,0.066083543,22.1,47.29135076,72.48270152,2
3/31/2016,27,0.41110625,0.066810875,22.1,47.29135076,72.48270152,2
3/31/2016,28,0.43038485,0.067884116,22.1,47.29135076,72.48270152,2
3/31/2016,29,0.44002415,0.066952661,22.1,47.29135076,72.48270152,2
3/31/2016,30,0.45608965,0.066471372,22.1,47.29135076,72.48270152,2
3/31/2016,31,0.463051367,0.064123094,22.1,47.29135076,72.48270152,2
3/31/2016,32,0.471084117,0.061442628,22.1,47.29135076,72.48270152,2
3/31/2016,33,0.491969267,0.059878105,22.1,47.29135076,72.48270152,2
3/31/2016,34,0.487685133,0.054866928,22.1,47.29135076,72.48270152,2
3/31/2016,35,0.50107305,0.051620593,22.1,47.29135076,72.48270152,2
3/31/2016,36,0.4962534,0.046389036,22.1,47.29135076,72.48270152,2
3/31/2016,37,0.4866141,0.040919855,22.1,47.29135076,72.48270152,2
3/31/2016,38,0.47858135,0.035913162,22.1,47.29135076,72.48270152,2
3/31/2016,39,0.4898272,0.032560845,22.1,47.29135076,72.48270152,2
3/31/2016,40,0.5026796,0.029404508,22.1,47.29135076,72.48270152,2
3/31/2016,41,0.501608567,0.026105316,22.1,47.29135076,72.48270152,2
3/31/2016,42,0.512854417,0.023489481,22.1,47.29135076,72.48270152,2
3/31/2016,43,0.527313367,0.02107394,22.1,47.29135076,72.48270152,2
3/31/2016,44,0.5412368,0.018747297,22.1,47.29135076,72.48270152,2
3/31/2016,45,0.545520933,0.016290582,22.1,47.29135076,72.48270152,2
3/31/2016,46,0.558373333,0.014315624,22.1,47.29135076,72.48270152,2
3/31/2016,47,0.582471583,0.012778747,22.1,47.29135076,72.48270152,2
3/31/2016,48,0.608176383,0.011387711,22.1,47.29135076,72.48270152,2
3/31/2016,49,0.614602583,0.009801524,22.1,47.29135076,72.48270152,2
3/31/2016,50,0.601750183,0.00816,22.1,47.29135076,72.48270152,2
3/31/2016,51,0.60067915,0.006917,22.1,47.29135076,72.48270152,2
3/31/2016,52,0.5862202,0.005726346,22.1,47.29135076,72.48270152,2
3/31/2016,53,0.57176125,0.00473373,22.1,47.29135076,72.48270152,2
3/31/2016,54,0.54926955,0.003851659,22.1,47.29135076,72.48270152,2
3/31/2016,55,0.54926955,0.003260465,22.1,47.29135076,72.48270152,2
3/31/2016,56,0.54605645,0.002742626,22.1,47.29135076,72.48270152,2
3/31/2016,57,0.52999095,0.002251499,22.1,47.29135076,72.48270152,2
3/31/2016,58,0.5187451,0.001863372,22.1,47.29135076,72.48270152,2
3/31/2016,59,0.50428615,0.001531284,22.1,47.29135076,72.48270152,2
3/31/2016,60,0.5091058,0.00130656,22.1,47.29135076,72.48270152,2
3/31/2016,61,0.50428615,0.001108895,22.1,47.29135076,72.48270152,2
3/31/2016,62,0.5091058,0.000959084,22.1,47.29135076,72.48270152,2
3/31/2016,63,0.51392545,0.000829335,22.1,47.29135076,72.48270152,2
3/31/2016,64,0.5283844,0.000730317,22.1,47.29135076,72.48270152,2
3/31/2016,65,0.51713855,0.000612142,22.1,47.29135076,72.48270152,2
3/31/2016,66,0.51071235,0.000517678,22.1,47.29135076,72.48270152,2
3/31/2016,67,0.5091058,0.000441862,22.1,47.29135076,72.48270152,2
3/31/2016,68,0.48822065,0.000362785,22.1,47.29135076,72.48270152,2
3/31/2016,69,0.4769748,0.00030342,22.1,47.29135076,72.48270152,2
3/31/2016,70,0.45930275,0.000250107,22.1,47.29135076,72.48270152,2
3/31/2016,71,0.4544831,0.000211829,22.1,47.29135076,72.48270152,2
3/31/2016,72,0.4480569,0.000178734,22.1,47.29135076,72.48270152,2
3/31/2016,73,0.4352045,0.000148573,22.1,47.29135076,72.48270152,3
3/31/2016,74,0.4223521,0.000123385,22.1,47.29135076,72.48270152,3
3/31/2016,75,0.40789315,0.000101963,22.1,47.29135076,72.48270152,3
3/31/2016,76,0.393969717,8.43E-05,22.1,47.29135076,72.48270152,3
3/31/2016,77,0.384330417,0.000070328,22.1,47.29135076,72.48270152,3
3/31/2016,78,0.381117317,5.97E-05,22.1,47.29135076,72.48270152,3
3/31/2016,79,0.377904217,5.06E-05,22.1,47.29135076,72.48270152,3
3/31/2016,80,0.392363167,4.49E-05,22.1,47.29135076,72.48270152,3
3/31/2016,81,0.384330417,3.85E-05,22.1,47.29135076,72.48270152,3
3/31/2016,82,0.376297667,3.30E-05,22.1,47.29135076,72.48270152,3
3/31/2016,83,0.355412517,2.72E-05,22.1,47.29135076,72.48270152,3
3/31/2016,84,0.344166667,2.30E-05,22.1,47.29135076,72.48270152,3
3/31/2016,85,0.345773217,2.02E-05,22.1,47.29135076,72.48270152,3
3/31/2016,86,0.3484508,1.77E-05,22.1,47.29135076,72.48270152,3
3/31/2016,87,0.33399185,1.48E-05,22.1,47.29135076,72.48270152,3
3/31/2016,88,0.32435255,1.25E-05,22.1,47.29135076,72.48270152,3
3/31/2016,89,0.31471325,1.06E-05,22.1,47.29135076,72.48270152,3
3/31/2016,90,0.3034674,8.85E-06,22.1,47.29135076,72.48270152,3
3/31/2016,91,0.31471325,7.97E-06,22.1,47.29135076,72.48270152,3
3/31/2016,92,0.3163198,6.96E-06,22.1,47.29135076,72.48270152,3
3/31/2016,93,0.32113945,6.13E-06,22.1,47.29135076,72.48270152,3
3/31/2016,94,0.32113945,5.32E-06,22.1,47.29135076,72.48270152,3
3/31/2016,95,0.3034674,4.36E-06,22.1,47.29135076,72.48270152,3
3/31/2016,96,0.3002543,3.74E-06,22.1,47.29135076,72.48270152,3
3/31/2016,97,0.30507395,3.29E-06,22.1,47.29135076,72.48270152,3
3/31/2016,98,0.31150015,2.91E-06,22.1,47.29135076,72.48270152,3
3/31/2016,99,0.3098936,2.51E-06,22.1,47.29135076,72.48270152,3
3/31/2016,100,0.3002543,2.10E-06,22.1,47.29135076,72.48270152,3
4/28/2016,0,0.288472933,0.053437865,38.5,59.53624296,80.57248591,1
4/28/2016,1,0.288472933,0.053437865,38.5,59.53624296,80.57248591,1
4/28/2016,2,0.282046733,0.051780851,38.5,59.53624296,80.57248591,1
4/28/2016,3,0.293292583,0.053366874,38.5,59.53624296,80.57248591,1
4/28/2016,4,0.318997383,0.057533546,38.5,59.53624296,80.57248591,1
4/28/2016,5,0.343095633,0.061339938,38.5,59.53624296,80.57248591,1
4/28/2016,6,0.3613032,0.064030175,38.5,59.53624296,80.57248591,1
4/28/2016,7,0.3805818,0.066846274,38.5,59.53624296,80.57248591,1
4/28/2016,8,0.41431935,0.072102737,38.5,59.53624296,80.57248591,1
4/28/2016,9,0.4448438,0.076672101,38.5,59.53624296,80.57248591,1
4/28/2016,10,0.4866141,0.083029819,38.5,59.53624296,80.57248591,1
4/28/2016,11,0.5123189,0.086500889,38.5,59.53624296,80.57248591,1
4/28/2016,12,0.5540892,0.092538063,38.5,59.53624296,80.57248591,1
4/28/2016,13,0.58140055,0.096011268,38.5,59.53624296,80.57248591,1
4/28/2016,14,0.58461365,0.095425763,38.5,59.53624296,80.57248591,1
4/28/2016,15,0.5990726,0.096614641,38.5,59.53624296,80.57248591,1
4/28/2016,16,0.6151381,0.097964226,38.5,59.53624296,80.57248591,1
4/28/2016,17,0.6408429,0.100709585,38.5,59.53624296,80.57248591,1
4/28/2016,18,0.6183512,0.095804914,38.5,59.53624296,80.57248591,1
4/28/2016,19,0.611925,0.093368379,38.5,59.53624296,80.57248591,1
4/28/2016,20,0.6054988,0.090859759,38.5,59.53624296,80.57248591,1
4/28/2016,21,0.5894333,0.088524768,38.5,59.53624296,80.57248591,1
4/28/2016,22,0.588362267,0.088212402,38.5,59.53624296,80.57248591,1
4/28/2016,23,0.577116417,0.086097866,38.5,59.53624296,80.57248591,1
4/28/2016,24,0.569083667,0.0841289,38.5,59.53624296,80.57248591,1
4/28/2016,25,0.562657467,0.08198844,38.5,59.53624296,80.57248591,1
4/28/2016,26,0.543378867,0.077530572,38.5,59.53624296,80.57248591,1
4/28/2016,27,0.527313367,0.073083524,38.5,59.53624296,80.57248591,1
4/28/2016,28,0.559444367,0.074619248,38.5,59.53624296,80.57248591,1
4/28/2016,29,0.562657467,0.071483697,38.5,59.53624296,80.57248591,1
4/28/2016,30,0.567477117,0.067925835,38.5,59.53624296,80.57248591,1
4/28/2016,31,0.572296767,0.063825805,38.5,59.53624296,80.57248591,1
4/28/2016,32,0.565870567,0.058159636,38.5,59.53624296,80.57248591,1
4/28/2016,33,0.561586433,0.052638407,38.5,59.53624296,80.57248591,1
4/28/2016,34,0.5573023,0.047175497,38.5,59.53624296,80.57248591,1
4/28/2016,35,0.53963025,0.040886778,38.5,59.53624296,80.57248591,1
4/28/2016,36,0.5380237,0.036195929,38.5,59.53624296,80.57248591,1
4/28/2016,37,0.5348106,0.031719911,38.5,59.53624296,80.57248591,1
4/28/2016,38,0.547663,0.028457525,38.5,59.53624296,80.57248591,1
4/28/2016,39,0.5187451,0.023486507,38.5,59.53624296,80.57248591,1
4/28/2016,40,0.5187451,0.020367968,38.5,59.53624296,80.57248591,2
4/28/2016,41,0.5187451,0.017520188,38.5,59.53624296,80.57248591,2
4/28/2016,42,0.5187451,0.015020214,38.5,59.53624296,80.57248591,2
4/28/2016,43,0.5187451,0.012840202,38.5,59.53624296,80.57248591,2
4/28/2016,44,0.5123189,0.010814252,38.5,59.53624296,80.57248591,2
4/28/2016,45,0.5187451,0.009318584,38.5,59.53624296,80.57248591,2
4/28/2016,46,0.52035165,0.007940919,38.5,59.53624296,80.57248591,2
4/28/2016,47,0.5219582,0.006756818,38.5,59.53624296,80.57248591,2
4/28/2016,48,0.5058927,0.005548194,38.5,59.53624296,80.57248591,2
4/28/2016,49,0.4962534,0.004605978,38.5,59.53624296,80.57248591,2
4/28/2016,50,0.5123189,0.004020628,38.5,59.53624296,80.57248591,2
4/28/2016,51,0.4930403,0.003269199,38.5,59.53624296,80.57248591,2
4/28/2016,52,0.4769748,0.00267043,38.5,59.53624296,80.57248591,2
4/28/2016,53,0.4609093,0.002177671,38.5,59.53624296,80.57248591,2
4/28/2016,54,0.4448438,0.001772867,38.5,59.53624296,80.57248591,2
4/28/2016,55,0.4319914,0.001451665,38.5,59.53624296,80.57248591,2
4/28/2016,56,0.4255652,0.001205415,38.5,59.53624296,80.57248591,2
4/28/2016,57,0.4223521,0.001008098,38.5,59.53624296,80.57248591,2
4/28/2016,58,0.4255652,0.000855752,38.5,59.53624296,80.57248591,2
4/28/2016,59,0.4384176,0.000742566,38.5,59.53624296,80.57248591,2
4/28/2016,60,0.4319914,0.000616185,38.5,59.53624296,80.57248591,2
4/28/2016,61,0.4159259,0.000499301,38.5,59.53624296,80.57248591,2
4/28/2016,62,0.4030735,0.000407159,38.5,59.53624296,80.57248591,2
4/28/2016,63,0.4062866,0.000345289,38.5,59.53624296,80.57248591,2
4/28/2016,64,0.4159259,0.000297362,38.5,59.53624296,80.57248591,2
4/28/2016,65,0.4319914,0.000259789,38.5,59.53624296,80.57248591,2
4/28/2016,66,0.4352045,0.000220131,38.5,59.53624296,80.57248591,2
4/28/2016,67,0.43038485,0.000183087,38.5,59.53624296,80.57248591,2
4/28/2016,68,0.41431935,0.000148226,38.5,59.53624296,80.57248591,2
4/28/2016,69,0.40468005,0.000121749,38.5,59.53624296,80.57248591,2
4/28/2016,70,0.41431935,0.000104819,38.5,59.53624296,80.57248591,2
4/28/2016,71,0.419139,8.92E-05,38.5,59.53624296,80.57248591,2
4/28/2016,72,0.419139,7.50E-05,38.5,59.53624296,80.57248591,2
4/28/2016,73,0.4127128,6.21E-05,38.5,59.53624296,80.57248591,2
4/28/2016,74,0.4062866,5.14E-05,38.5,59.53624296,80.57248591,2
4/28/2016,75,0.3934342,4.18E-05,38.5,59.53624296,80.57248591,2
4/28/2016,76,0.3645163,3.26E-05,38.5,59.53624296,80.57248591,2
4/28/2016,77,0.3580901,2.69E-05,38.5,59.53624296,80.57248591,2
4/28/2016,78,0.3613032,0.000022829,38.5,59.53624296,80.57248591,2
4/28/2016,79,0.3452377,0.000018339,38.5,59.53624296,80.57248591,2
4/28/2016,80,0.3291722,0.0000147,38.5,59.53624296,80.57248591,2
4/28/2016,81,0.322746,1.22E-05,38.5,59.53624296,80.57248591,2
4/28/2016,82,0.322746,0.000010375,38.5,59.53624296,80.57248591,3
4/28/2016,83,0.3131067,8.54E-06,38.5,59.53624296,80.57248591,3
4/28/2016,84,0.3131067,7.24E-06,38.5,59.53624296,80.57248591,3
4/28/2016,85,0.3034674,5.95E-06,38.5,59.53624296,80.57248591,3
4/28/2016,86,0.3163198,5.26E-06,38.5,59.53624296,80.57248591,3
4/28/2016,87,0.3066805,4.32E-06,38.5,59.53624296,80.57248591,3
4/28/2016,88,0.2938281,3.51E-06,38.5,59.53624296,80.57248591,3
4/28/2016,89,0.3163198,3.20E-06,38.5,59.53624296,80.57248591,3
4/28/2016,90,0.3163198,2.71E-06,38.5,59.53624296,80.57248591,3
4/28/2016,91,0.31792635,2.31E-06,38.5,59.53624296,80.57248591,3
4/28/2016,92,0.31150015,1.92E-06,38.5,59.53624296,80.57248591,3
4/28/2016,93,0.30828705,1.61E-06,38.5,59.53624296,80.57248591,3
4/28/2016,94,0.30186085,1.33E-06,38.5,59.53624296,80.57248591,3
4/28/2016,95,0.3034674,1.13E-06,38.5,59.53624296,80.57248591,3
4/28/2016,96,0.3002543,9.50E-07,38.5,59.53624296,80.57248591,3
4/28/2016,97,0.3002543,8.04E-07,38.5,59.53624296,80.57248591,3
4/28/2016,98,0.30186085,6.84E-07,38.5,59.53624296,80.57248591,3
4/28/2016,99,0.28579535,5.48E-07,38.5,59.53624296,80.57248591,3
4/28/2016,100,0.290615,4.72E-07,38.5,59.53624296,80.57248591,3
5/26/2016,0,0.232578381,0.044715196,58.5,72.15177165,85.80354331,1
5/26/2016,1,0.232578381,0.044715196,58.5,72.15177165,85.80354331,1
5/26/2016,2,0.255070081,0.048866133,58.5,72.15177165,85.80354331,1
5/26/2016,3,0.267922481,0.051090928,58.5,72.15177165,85.80354331,1
5/26/2016,4,0.271135581,0.051408466,58.5,72.15177165,85.80354331,1
5/26/2016,5,0.274348681,0.051668786,58.5,72.15177165,85.80354331,1
5/26/2016,6,0.292020731,0.054581659,58.5,72.15177165,85.80354331,1
5/26/2016,7,0.303266581,0.05621932,58.5,72.15177165,85.80354331,1
5/26/2016,8,0.328971381,0.060460362,58.5,72.15177165,85.80354331,1
5/26/2016,9,0.356818248,0.065004155,58.5,72.15177165,85.80354331,1
5/26/2016,10,0.385936967,0.069698195,58.5,72.15177165,85.80354331,1
5/26/2016,11,0.411641767,0.073714215,58.5,72.15177165,85.80354331,1
5/26/2016,12,0.421281067,0.074836178,58.5,72.15177165,85.80354331,1
5/26/2016,13,0.421281067,0.074274323,58.5,72.15177165,85.80354331,1
5/26/2016,14,0.434133467,0.076004168,58.5,72.15177165,85.80354331,1
5/26/2016,15,0.456625167,0.079413804,58.5,72.15177165,85.80354331,1
5/26/2016,16,0.467871017,0.080846793,58.5,72.15177165,85.80354331,1
5/26/2016,17,0.475903767,0.081695123,58.5,72.15177165,85.80354331,1
5/26/2016,18,0.469477567,0.080022207,58.5,72.15177165,85.80354331,1
5/26/2016,19,0.46894205,0.079295922,58.5,72.15177165,85.80354331,1
5/26/2016,20,0.46251585,0.077493748,58.5,72.15177165,85.80354331,1
5/26/2016,21,0.47215515,0.078732167,58.5,72.15177165,85.80354331,1
5/26/2016,22,0.46572895,0.077191673,58.5,72.15177165,85.80354331,1
5/26/2016,23,0.47215515,0.077669503,58.5,72.15177165,85.80354331,1
5/26/2016,24,0.47536825,0.077478023,58.5,72.15177165,85.80354331,1
5/26/2016,25,0.4769748,0.076866812,58.5,72.15177165,85.80354331,1
5/26/2016,26,0.4737617,0.075304114,58.5,72.15177165,85.80354331,1
5/26/2016,27,0.4641224,0.072539739,58.5,72.15177165,85.80354331,1
5/26/2016,28,0.46251585,0.070813918,58.5,72.15177165,85.80354331,1
5/26/2016,29,0.4576962,0.068334389,58.5,72.15177165,85.80354331,1
5/26/2016,30,0.45287655,0.06558176,58.5,72.15177165,85.80354331,1
5/26/2016,31,0.44323725,0.061876695,58.5,72.15177165,85.80354331,1
5/26/2016,32,0.4416307,0.059035666,58.5,72.15177165,85.80354331,1
5/26/2016,33,0.4480569,0.056942363,58.5,72.15177165,85.80354331,1
5/26/2016,34,0.45608965,0.054698217,58.5,72.15177165,85.80354331,1
5/26/2016,35,0.45127,0.050690636,58.5,72.15177165,85.80354331,1
5/26/2016,36,0.4576962,0.047800564,58.5,72.15177165,85.80354331,1
5/26/2016,37,0.47858135,0.04614039,58.5,72.15177165,85.80354331,1
5/26/2016,38,0.4866141,0.043017018,58.5,72.15177165,85.80354331,1
5/26/2016,39,0.48500755,0.039064369,58.5,72.15177165,85.80354331,1
5/26/2016,40,0.48822065,0.035618571,58.5,72.15177165,85.80354331,1
5/26/2016,41,0.4866141,0.031551497,58.5,72.15177165,85.80354331,1
5/26/2016,42,0.493575817,0.028307646,58.5,72.15177165,85.80354331,1
5/26/2016,43,0.500002017,0.025257436,58.5,72.15177165,85.80354331,1
5/26/2016,44,0.491165992,0.021770449,58.5,72.15177165,85.80354331,1
5/26/2016,45,0.491165992,0.019038351,58.5,72.15177165,85.80354331,1
5/26/2016,46,0.487952892,0.016491185,58.5,72.15177165,85.80354331,1
5/26/2016,47,0.473493942,0.013916401,58.5,72.15177165,85.80354331,1
5/26/2016,48,0.460641542,0.011746781,58.5,72.15177165,85.80354331,1
5/26/2016,49,0.472958425,0.010443615,58.5,72.15177165,85.80354331,1
5/26/2016,50,0.480991175,0.00918071,58.5,72.15177165,85.80354331,1
5/26/2016,51,0.490630475,0.008082423,58.5,72.15177165,85.80354331,1
5/26/2016,52,0.496521158,0.0070501,58.5,72.15177165,85.80354331,1
5/26/2016,53,0.486881858,0.005951816,58.5,72.15177165,85.80354331,1
5/26/2016,54,0.484472033,0.005093625,58.5,72.15177165,85.80354331,1
5/26/2016,55,0.484472033,0.004377044,58.5,72.15177165,85.80354331,1
5/26/2016,56,0.494111333,0.003833212,58.5,72.15177165,85.80354331,1
5/26/2016,57,0.511783383,0.00340695,58.5,72.15177165,85.80354331,1
5/26/2016,58,0.543914383,0.003105314,58.5,72.15177165,85.80354331,1
5/26/2016,59,0.5573023,0.002727395,58.5,72.15177165,85.80354331,1
5/26/2016,60,0.564264017,0.002366123,58.5,72.15177165,85.80354331,2
5/26/2016,61,0.559444367,0.002009381,58.5,72.15177165,85.80354331,2
5/26/2016,62,0.570690217,0.001754867,58.5,72.15177165,85.80354331,2
5/26/2016,63,0.565870567,0.001489099,58.5,72.15177165,85.80354331,2
5/26/2016,64,0.572296767,0.001288382,58.5,72.15177165,85.80354331,2
5/26/2016,65,0.559444367,0.001077151,58.5,72.15177165,85.80354331,2
5/26/2016,66,0.5348106,0.000880471,58.5,72.15177165,85.80354331,2
5/26/2016,67,0.50428615,0.000709749,58.5,72.15177165,85.80354331,2
5/26/2016,68,0.480723417,0.000578317,58.5,72.15177165,85.80354331,2
5/26/2016,69,0.446985867,0.000459568,58.5,72.15177165,85.80354331,2
5/26/2016,70,0.4223521,0.00037108,58.5,72.15177165,85.80354331,2
5/26/2016,71,0.419139,0.000314665,58.5,72.15177165,85.80354331,2
5/26/2016,72,0.3902211,0.000250302,58.5,72.15177165,85.80354331,2
5/26/2016,73,0.38218835,0.000209444,58.5,72.15177165,85.80354331,2
5/26/2016,74,0.3741556,0.000175168,58.5,72.15177165,85.80354331,2
5/26/2016,75,0.38218835,0.000152853,58.5,72.15177165,85.80354331,2
5/26/2016,76,0.392363167,0.000134049,58.5,72.15177165,85.80354331,2
5/26/2016,77,0.400395917,0.00011685,58.5,72.15177165,85.80354331,2
5/26/2016,78,0.40468005,0.00010088,58.5,72.15177165,85.80354331,2
5/26/2016,79,0.413248317,8.80E-05,58.5,72.15177165,85.80354331,2
5/26/2016,80,0.426100717,7.75E-05,58.5,72.15177165,85.80354331,2
5/26/2016,81,0.429313817,6.91E-05,58.5,72.15177165,85.80354331,2
5/26/2016,82,0.435740017,6.19E-05,58.5,72.15177165,85.80354331,2
5/26/2016,83,0.438953117,5.50E-05,58.5,72.15177165,85.80354331,2
5/26/2016,84,0.438953117,4.85E-05,58.5,72.15177165,85.80354331,2
5/26/2016,85,0.424494167,4.13E-05,58.5,72.15177165,85.80354331,2
5/26/2016,86,0.422887617,3.62E-05,58.5,72.15177165,85.80354331,2
5/26/2016,87,0.414854867,3.12E-05,58.5,72.15177165,85.80354331,3
5/26/2016,88,0.402002467,0.00002658,58.5,72.15177165,85.80354331,3
5/26/2016,89,0.395576267,2.30E-05,58.5,72.15177165,85.80354331,3
5/26/2016,90,0.377904217,1.92E-05,58.5,72.15177165,85.80354331,3
5/26/2016,91,0.35969665,1.60E-05,58.5,72.15177165,85.80354331,3
5/26/2016,92,0.34684425,1.36E-05,58.5,72.15177165,85.80354331,3
5/26/2016,93,0.341489083,1.17E-05,58.5,72.15177165,85.80354331,3
5/26/2016,94,0.330243233,9.88E-06,58.5,72.15177165,85.80354331,3
5/26/2016,95,0.343095633,8.97E-06,58.5,72.15177165,85.80354331,3
5/26/2016,96,0.333456333,7.62E-06,58.5,72.15177165,85.80354331,3
5/26/2016,97,0.33077875,6.60E-06,58.5,72.15177165,85.80354331,3
5/26/2016,98,0.329707717,5.75E-06,58.5,72.15177165,85.80354331,3
5/26/2016,99,0.33399185,5.08E-06,58.5,72.15177165,85.80354331,3
5/26/2016,100,0.334527367,4.44E-06,58.5,72.15177165,85.80354331,3